id,domain,status,purchase_price,renewal_price,attractiveness,demand,length,registrar,created_at,expires_at,status_verified_at
c527d2b2-70c4-47ef-85eb-10f7bc1c246a,greasewood.kitchen,available,10.99,64.99,medium,low,10,namesilo,,,24/09/2026 00:46
566b3537-56bb-4c25-9ec2-74f281c2154f,primacy.kitchen,available,7.96,51.95,high,low,7,spaceship,,,01/10/2026 03:21
abcfb685-c873-424f-a373-f25921b90e5b,sentences.kitchen,available,8.98,83.98,medium,low,9,namecheap,,,16/09/2026 20:11
e7a6c60c-5f3b-4a5e-8a60-fff2b9bc1e05,listings.kitchen,available,10.5,,medium,low,8,unstoppable,,,02/10/2026 03:01
1446ac8e-c204-4437-850a-0417a623a35d,pesos.kitchen,available,10.5,,medium,low,5,unstoppable,,,30/09/2026 06:56
b3dc149a-377f-40f7-8cc3-74b40b68ad41,snoek.kitchen,available,10.99,64.99,medium,low,5,namesilo,,,22/09/2026 07:53
ccd09cd1-0966-445f-8b59-6c7a61dc855a,abruptly.kitchen,available,14.99,84.99,medium,low,8,name.com,,,13/08/2026 19:17
6d77ccfd-77ba-4aa3-81c9-466eea9da5df,june.kitchen,available,8.24,52.01,high,low,4,porkbun,,,30/09/2026 01:07
8e5a6cc5-c86c-4035-bc36-862b24489069,stavanger.kitchen,available,7.96,51.95,medium,low,9,spaceship,,,01/10/2026 21:52
a1308f99-f5f7-4958-bf89-a308e742a76c,switched.kitchen,available,10.99,64.99,medium,low,8,namesilo,,,27/09/2026 09:43
4cece227-e6f7-4bf2-b4fc-d4fbb7eb05ed,livingstone.kitchen,available,7.96,51.95,high,low,11,spaceship,,,28/09/2026 04:32
b4c34fb0-5a49-46e0-b735-bc5d7996d8ad,ballpark.kitchen,available,10.99,64.99,high,low,8,namesilo,,,19/09/2026 22:25
9fbab57e-2a5a-43b9-af89-f2d72017790b,vial.kitchen,available,8.98,83.98,high,low,4,namecheap,,,18/09/2026 23:48
efdeab47-0cc2-45cd-9a03-b381d285e827,turbulent.kitchen,available,8.98,83.98,medium,low,9,namecheap,,,14/08/2026 12:26
680fcc95-0024-49ad-9dcd-473a94b8da0b,mesial.kitchen,available,8.98,83.98,medium,low,6,namecheap,,,24/08/2026 21:08
a5d91730-c64e-4c08-8fca-389d2f6ccce4,assyria.kitchen,available,10.99,64.99,medium,low,7,namesilo,,,20/09/2026 16:47
05848fdf-2512-48da-a431-98997907c798,licking.kitchen,available,8.98,83.98,high,low,7,namecheap,,,13/09/2026 11:11
abeb8cb1-1b8b-4bcb-a837-7b51b23bcfcb,primer.kitchen,available,50.2,50.2,high,low,6,cloudflare,,,29/09/2026 19:29
2c82f116-e988-47f0-a94f-2760f436384c,puncture.kitchen,available,8.98,83.98,high,low,8,namecheap,,,29/09/2026 20:04
41236d84-194a-4ae7-bb35-b0661f57effb,bevan.kitchen,available,10.99,64.99,medium,low,5,namesilo,,,29/09/2026 21:45
aa59925a-9672-40da-8131-8f5e74a4848d,skyline.kitchen,available,8.98,83.98,high,low,7,namecheap,,,19/09/2026 20:18
b083b277-1f5b-4eac-83e4-10d9f0a3891b,yum.kitchen,premium,14.99,,high,low,3,name.com,,,01/10/2026 01:03
95dc6e1c-ab3b-4950-940a-eec310cf0abc,spaciously.kitchen,available,8.98,83.98,high,low,10,namecheap,,,16/09/2026 00:04
a6051712-e78b-4c80-909f-32ecff4ab991,funded.kitchen,available,8.98,83.98,high,low,6,namecheap,,,18/08/2026 18:23
04b9204b-a4c3-4828-acf4-f606923a4412,undersea.kitchen,available,8.98,83.98,high,low,8,namecheap,,,11/09/2026 00:18
621bee58-adf4-44da-8f26-3848b6c99ba7,fronts.kitchen,available,50.2,50.2,medium,low,6,cloudflare,,,30/09/2026 15:47
57ca387c-d422-4745-ab49-fb85874609f2,motel.kitchen,available,8.98,83.98,high,low,5,namecheap,,,25/09/2026 09:27
ad2f1113-2dc7-4e61-9cb2-14b593a2c3a5,juiceless.kitchen,available,8.98,83.98,medium,low,9,namecheap,,,22/08/2026 14:18
27470dc5-2e91-4154-9258-a8b7e2152851,scholar.kitchen,available,10.99,64.99,high,low,7,namesilo,,,20/09/2026 16:28
af745731-977a-4ba4-a6b3-49a6db34a896,cambrian.kitchen,available,8.98,83.98,high,low,8,namecheap,,,11/08/2026 15:45
c9420cf8-6a53-45f5-af28-18692a12821b,aesir.kitchen,available,10.99,64.99,medium,low,5,namesilo,,,17/09/2026 13:23
43d20315-bcbe-4532-8ae4-2241bd33d742,blm.kitchen,available,7.96,51.95,high,low,3,spaceship,,,29/09/2026 09:47
c2aafcd3-9def-48ba-b1c2-f54c243e6c9f,brookings.kitchen,available,7.96,51.95,medium,low,9,spaceship,,,28/09/2026 16:41
83191ffc-f570-4fa3-ac93-382dd374c438,withdrawn.kitchen,available,8.98,83.98,medium,low,9,namecheap,,,22/08/2026 03:25
9c0d3e41-a56d-490a-966a-75e908b0f5b8,glistening.kitchen,available,8.98,83.98,high,low,10,namecheap,,,20/08/2026 14:30
d4b5a7e7-76a5-4ac1-8403-5b5ddb524d9b,feasting.kitchen,available,8.98,83.98,high,low,8,namecheap,,,22/09/2026 03:07
b27dda5c-adcd-4131-9276-c105cfa50b8f,chattel.kitchen,available,8.98,83.98,medium,low,7,namecheap,,,25/08/2026 09:00
ab446512-7309-4341-b598-7c2ba74ebf1e,formulated.kitchen,available,8.98,83.98,high,low,10,namecheap,,,18/08/2026 12:22
4ed7ec2c-be19-4cf5-b9cf-8e5b62c2b962,kathleen.kitchen,available,8.98,83.98,high,low,8,namecheap,,,25/09/2026 14:34
b27210b0-0ced-482c-b28d-1dc8ecb41be8,yogic.kitchen,available,8.98,83.98,medium,low,5,namecheap,,,13/09/2026 14:41
1000cd78-6636-47d2-beca-1733bcb17d13,notebooks.kitchen,available,8.98,83.98,medium,low,9,namecheap,,,20/09/2026 11:51
9b8804d7-13e6-4b01-bb9d-9c71fde9ba79,glucose.kitchen,available,10.99,64.99,high,low,7,namesilo,,,29/09/2026 01:05
f65e5364-cb91-458f-9a8a-804a5718cbf5,shiny.kitchen,available,10.99,64.99,high,low,5,namesilo,,,23/09/2026 11:51
d4d66eb9-5fe9-462a-bb04-4ca1c66fd542,divide.kitchen,available,8.98,83.98,high,low,6,namecheap,,,27/09/2026 20:14
316bd7b6-2f21-4c3a-8ce7-135ae8c3d82f,biography.kitchen,available,8.98,83.98,high,low,9,namecheap,,,23/09/2026 18:09
26fdaf34-5156-4d68-abb5-65c36b9e7dd2,louvre.kitchen,available,7.96,51.95,high,low,6,spaceship,,,30/09/2026 10:29
3c61c8ee-4406-48e0-b53b-957ac0cb11fe,bras.kitchen,available,10.99,64.99,high,low,4,namesilo,,,17/09/2026 13:20
d691ce7a-072b-40dd-8636-368b331071c4,carson.kitchen,available,10.99,64.99,high,low,6,namesilo,,,28/09/2026 01:36
3ef30b61-426d-45bd-9a7b-47aab1364491,grower.kitchen,available,8.98,83.98,high,low,6,namecheap,,,17/09/2026 19:21
3a170319-1823-4b6f-907a-9bc37f918d05,terse.kitchen,available,8.98,83.98,medium,low,5,namecheap,,,22/08/2026 18:16
d8bb59e6-63b3-46e9-b170-460ec672d2fe,imagining.kitchen,available,10.99,64.99,high,low,9,namesilo,,,29/09/2026 14:49
eb46fec8-4ea9-412e-a910-5b38ea20e3ef,addison.kitchen,available,10.99,64.99,medium,low,7,namesilo,,,29/09/2026 23:23
7da22e6b-0745-46f1-a517-7a8238ceb680,rollers.kitchen,available,7.96,51.95,medium,low,7,spaceship,,,30/09/2026 16:24
aec56ed5-af29-4d82-88ba-ac3ae60adf2e,passaic.kitchen,available,8.98,83.98,medium,low,7,namecheap,,,28/09/2026 16:45
20086f18-7305-4134-8396-1625cf3be043,bize.kitchen,available,8.98,83.98,medium,low,4,namecheap,,,23/09/2026 21:41
c556cc00-d7c7-4917-82cb-8f56b9052ec4,receive.kitchen,available,7.96,51.95,high,low,7,spaceship,,,30/09/2026 21:22
109f63d8-71ef-42e3-b85e-211a92d907fb,exhausted.kitchen,available,8.98,83.98,medium,low,9,namecheap,,,14/08/2026 14:43
99ed4d0c-087d-4722-af3e-e5c40d2782cc,anaphase.kitchen,available,10.99,64.99,medium,low,8,namesilo,,,19/09/2026 02:09
f57251f0-22f4-4b62-a248-356ac538eeba,desperation.kitchen,available,50.2,50.2,medium,low,11,cloudflare,,,29/09/2026 15:57
a51b544e-c0aa-4a1d-9d92-e56c8f06a53b,agrippa.kitchen,available,8.98,83.98,medium,low,7,namecheap,,,17/09/2026 19:32
e63ff3ac-4009-46ac-8225-76eb7c1445c8,nicolas.kitchen,available,10.99,64.99,high,low,7,namesilo,,,25/09/2026 13:18
73c0e28d-3e9b-43d4-8a81-5d83f929f2da,conformity.kitchen,available,10.99,64.99,high,low,10,namesilo,,,16/09/2026 15:32
d1616776-3768-4c80-a6fa-dd7582268a24,killer.kitchen,available,10.99,64.99,high,low,6,namesilo,,,24/09/2026 13:14
58c517e1-c87b-46fc-956d-d1f8f1910b78,tersely.kitchen,available,10.99,64.99,medium,low,7,namesilo,,,16/09/2026 08:13
781128da-1fc8-4825-a818-9966b829f077,knackered.kitchen,available,8.98,83.98,medium,low,9,namecheap,,,22/08/2026 16:23
2c15c065-e754-4c9c-b196-8e0824760e08,rectal.kitchen,available,8.98,83.98,medium,low,6,namecheap,,,09/09/2026 11:51
6869ce10-d58d-4a72-b05e-873af9124974,anklet.kitchen,available,10.99,64.99,high,low,6,namesilo,,,19/09/2026 09:41
2967da2e-7e0c-4767-8a1a-cbb2ef0d807d,ducks.kitchen,available,10.99,64.99,medium,low,5,namesilo,,,27/09/2026 23:17
6112a5a9-3388-48dd-962d-aa3af90180fa,generating.kitchen,available,14.99,,medium,low,10,name.com,,,
cd5562d2-2e8f-4dd7-9d72-169ffc0e04b1,flores.kitchen,available,50.2,50.2,high,low,6,cloudflare,,,30/09/2026 21:30
34b47577-d650-456f-ba2e-7bc0b669c4eb,dignitary.kitchen,available,10.99,64.99,high,low,9,namesilo,,,29/09/2026 14:54
46af73da-1e34-46c0-a8b7-4c9105894d24,cock.kitchen,available,10.5,,high,low,4,unstoppable,,,28/09/2026 02:08
be13287b-6eb2-4d4b-8708-2aef7f03b5ea,astrodome.kitchen,available,10.99,64.99,medium,low,9,namesilo,,,20/09/2026 17:37
a5e5fccc-f9f0-4ddd-8441-39545ecf3db9,easements.kitchen,available,10.5,,medium,low,9,unstoppable,,,30/09/2026 15:56
91099e6e-e16a-4765-973f-497dcddc5b99,vexed.kitchen,available,8.98,83.98,medium,low,5,namecheap,,,21/08/2026 00:15
6ca35832-3209-4f5a-bbcf-44ae68017ca9,quayle.kitchen,available,10.99,64.99,medium,low,6,namesilo,,,01/10/2026 11:02
eb87dbe2-ade2-4f5a-9bb0-6aa0ec866efd,cruciate.kitchen,available,8.98,83.98,medium,low,8,namecheap,,,13/08/2026 08:40
722e2f67-df0b-4030-b05d-4bc0f3ec9e45,blanch.kitchen,available,8.98,83.98,high,low,6,namecheap,,,04/09/2026 23:27
6c7192c7-e349-4337-ad32-0d4fa32d16ab,sparkle.kitchen,available,50.2,50.2,high,low,7,cloudflare,,,01/10/2026 01:34
73efbcdf-18e0-4ee1-af97-3e4c933ddaaf,rhetoric.kitchen,available,7.96,51.95,high,low,8,spaceship,,,02/10/2026 04:43
19b20d57-9da0-45a4-9e69-7db1b6a5e536,pompous.kitchen,available,8.98,83.98,medium,low,7,namecheap,,,12/08/2026 00:37
070e3574-3651-4530-86a7-9292429056fb,dike.kitchen,available,8.98,83.98,medium,low,4,namecheap,,,11/08/2026 11:33
03b81f73-d741-4c42-82bd-25d03dea261e,faces.kitchen,available,14.99,,medium,low,5,name.com,,,
556d156c-31a3-4959-ba8e-86faaaf80bf2,coordinate.kitchen,available,10.99,64.99,medium,low,10,namesilo,,,30/09/2026 06:06
a79fbc75-86e7-4785-8d72-0e86d8227fb5,plural.kitchen,available,8.98,83.98,high,low,6,namecheap,,,08/09/2026 22:02
2bf9bf32-3cb1-497d-91ef-7519b6afb32f,caen.kitchen,available,10.5,,medium,low,4,unstoppable,,,29/09/2026 09:32
4abacaba-fa58-4b3a-b9a9-e6771d3b46a2,reinforced.kitchen,available,8.98,83.98,high,low,10,namecheap,,,23/09/2026 10:25
02e3f33f-de6d-4c29-a105-c2ba79734d59,harlot.kitchen,available,14.99,84.99,medium,low,6,name.com,,,13/08/2026 14:19
cb5d1e88-46db-4159-b253-91e3ca74ece7,meuse.kitchen,available,8.98,83.98,medium,low,5,namecheap,,,20/09/2026 04:35
1ec3e435-14bf-41d0-b34b-02d72415d89d,fortunate.kitchen,available,8.98,83.98,high,low,9,namecheap,,,18/08/2026 12:47
7443a845-e18d-4eab-869e-aba5ba42a936,lot.kitchen,available,8.98,83.98,high,low,3,namecheap,,,25/09/2026 20:36
5ca221ab-8aa4-46ce-892f-a96d5f61388e,copland.kitchen,available,10.99,64.99,medium,low,7,namesilo,,,16/09/2026 13:32
acc0fec1-dbbe-446b-9b15-9b081b216186,nuclear.kitchen,available,10.99,64.99,high,low,7,namesilo,,,25/09/2026 23:22
07ded42e-3513-4761-a4c0-9c23f5c5440b,freaky.kitchen,available,8.98,83.98,high,low,6,namecheap,,,10/08/2026 10:01
96069cbf-cb25-4ad4-a443-b705aaf319ec,illusion.kitchen,available,8.98,83.98,high,low,8,namecheap,,,24/09/2026 16:35
31e59eba-c796-4c16-a30b-b1a0de780a75,unclutter.kitchen,available,8.98,83.98,high,low,9,namecheap,,,12/08/2026 10:28
924d4cf4-414a-4f5c-82ca-69b8af59b1a3,plea.kitchen,available,7.96,51.95,high,low,4,spaceship,,,28/09/2026 06:36
9bded42b-3cc1-48b9-bbf0-8e1df91ca30d,themselves.kitchen,available,10.99,64.99,medium,low,10,namesilo,,,25/09/2026 16:52
b7ead0a8-0620-4585-b7f1-c399b2ab1973,motored.kitchen,available,8.98,83.98,medium,low,7,namecheap,,,25/08/2026 08:30
62b9b00f-3480-492e-89b6-17d2a3c50a57,unsocial.kitchen,available,8.98,83.98,medium,low,8,namecheap,,,12/09/2026 20:11
277d48b2-f5be-4b7d-9538-18575cec70c9,payton.kitchen,available,10.5,,medium,low,6,unstoppable,,,30/09/2026 07:49
2eff9c4e-b114-4870-b2c8-9cfa4e60ae2b,uncontrolled.kitchen,available,10.5,,medium,low,12,unstoppable,,,01/10/2026 22:34
bb42ba98-7cf1-421c-99c3-14446e27013a,remembered.kitchen,available,10.99,64.99,high,low,10,namesilo,,,17/09/2026 12:04
4fe2187a-1f96-469e-b640-0765c3a33d95,deceit.kitchen,available,8.24,53.72,medium,low,6,dynadot,,,30/09/2026 16:58
59161d03-89d8-4aac-938a-4ab5afa7d90c,troyes.kitchen,available,8.24,52.01,medium,low,6,porkbun,,,01/10/2026 08:31
df66b613-4125-4859-964d-88d2726e74d1,attacked.kitchen,available,8.98,83.98,medium,low,8,namecheap,,,25/09/2026 20:43
f9464446-5e31-4d49-a26d-d681aa4633c8,slur.kitchen,available,10.99,64.99,medium,low,4,namesilo,,,20/09/2026 14:59
59668180-7999-48f2-9192-ea63c30364fb,sidon.kitchen,available,10.5,,medium,low,5,unstoppable,,,30/09/2026 18:35
62332000-7fdf-4515-b706-3af5381de447,sawtooth.kitchen,available,14.99,,medium,low,9,name.com,,,
14e9b520-ca83-4020-9151-e06a27f10234,hints.kitchen,available,10.99,64.99,medium,low,5,namesilo,,,30/09/2026 00:13
d890d4e2-5055-4fc0-bdd0-60ac711e9d1a,peruvian.kitchen,available,8.98,83.98,high,low,8,namecheap,,,08/09/2026 18:07
ad5c0d4a-8894-4478-b9aa-914d707eb764,consume.kitchen,available,10.5,,high,low,7,unstoppable,,,29/09/2026 02:37
8abce991-88d5-4981-b074-03cedd398f9c,vowels.kitchen,available,8.98,83.98,medium,low,6,namecheap,,,20/09/2026 00:07
f9ddebdb-5775-4e14-bfe9-11ede8714198,aerator.kitchen,available,10.99,64.99,medium,low,7,namesilo,,,17/09/2026 12:47
35ca8e9d-0a98-46e8-85d4-90158a31ee2e,barany.kitchen,available,10.99,64.99,medium,low,6,namesilo,,,22/09/2026 04:13
7abb6c1b-4e4e-4b0f-844d-7a633aaa7e32,gravy.kitchen,available,10.99,64.99,high,low,5,namesilo,,,24/09/2026 11:11
48d137a8-d9a8-499f-bf7f-e9ebeee839fd,ger.kitchen,available,10.99,64.99,high,low,3,namesilo,,,01/10/2026 22:45
f302747a-43ba-471e-913e-49fb2205b1e0,mercenary.kitchen,available,8.98,83.98,high,low,9,namecheap,,,24/08/2026 17:14
796eb516-a847-4c72-8042-a97a8b669592,marr.kitchen,available,7.96,51.95,high,low,4,spaceship,,,29/09/2026 10:01
2c458633-3050-4b80-aee6-69364b8ef506,elmhurst.kitchen,available,10.99,64.99,medium,low,8,namesilo,,,02/10/2026 01:13
6f8ec52a-2d43-4f37-b3d2-1c9af4006e8e,bourne.kitchen,available,8.24,53.72,medium,low,6,dynadot,,,30/09/2026 08:47
76754ce5-0fe1-4f21-8f6a-7670705b7d57,documents.kitchen,available,14.99,,high,low,9,name.com,,,
c9c5e688-9d9c-45fc-ad80-6cf5ca20f6c8,leyte.kitchen,available,10.5,,medium,low,5,unstoppable,,,29/09/2026 01:34
24db2c02-186d-44dd-aade-0ed175350724,nosed.kitchen,available,8.98,83.98,medium,low,5,namecheap,,,03/09/2026 21:45
f9b74c6c-7f2a-4e79-a9f3-87a64791cab4,algometric.kitchen,available,8.98,83.98,medium,low,10,namecheap,,,
873474f8-7c39-4deb-b5d7-3bda73d37115,convenience.kitchen,available,50.2,50.2,high,low,11,cloudflare,,,28/09/2026 07:18
1d7cdad3-fb48-495a-b691-63024e8e1c03,athene.kitchen,available,8.98,83.98,high,low,6,namecheap,,,20/09/2026 20:37
379fe2d8-54df-4d17-b2a4-ee46d1bdfb02,drizzly.kitchen,available,8.98,83.98,medium,low,7,namecheap,,,14/08/2026 19:32
b2e8d917-0de9-440a-968e-78c9d045f6d8,contrast.kitchen,available,50.2,50.2,high,low,8,cloudflare,,,29/09/2026 11:28
8ff6e710-7bc4-4053-bd08-64dcec460c9d,dreamily.kitchen,available,8.98,83.98,medium,low,8,namecheap,,,14/09/2026 14:15
8ae28823-60ff-4d0d-9b40-426bd7297c60,thereabout.kitchen,available,10.99,64.99,medium,low,10,namesilo,,,16/09/2026 08:39
1d53256d-f221-4b38-b3f5-103138b8f604,pigheaded.kitchen,available,8.98,83.98,medium,low,9,namecheap,,,11/08/2026 08:32
59980dd3-82a1-42fb-9fe1-e049136baca2,piecemeal.kitchen,available,8.98,83.98,high,low,9,namecheap,,,10/08/2026 07:07
b8a42bc8-536b-45b9-acc8-51aa72647a57,rumination.kitchen,available,8.98,83.98,medium,low,10,namecheap,,,03/09/2026 11:31
7cfa1b76-ccff-40c9-b60e-934243490ad7,sikorsky.kitchen,available,50.2,50.2,high,low,8,cloudflare,,,30/09/2026 17:41
292abe23-b476-4958-a321-f7a242a8cc4e,tripped.kitchen,available,10.5,,medium,low,7,unstoppable,,,01/10/2026 00:50
7c904407-05f6-466a-961b-07ba00492759,simpson.kitchen,available,10.99,64.99,high,low,7,namesilo,,,29/09/2026 17:02
f7929cc2-ca43-4524-a22b-5666167c37e2,rove.kitchen,available,8.98,83.98,high,low,4,namecheap,,,10/09/2026 22:12
55d9b44d-03a5-4644-8f1d-f0fdf8686ea2,rates.kitchen,available,7.96,51.95,high,low,5,spaceship,,,28/09/2026 10:47
83729102-a654-47bb-bbb3-85e661a5b9fd,enforcement.kitchen,available,50.2,50.2,medium,low,11,cloudflare,,,28/09/2026 08:21
8eeb6321-ff98-4bcc-becc-660501f3556e,acores.kitchen,available,10.99,64.99,high,low,6,namesilo,,,17/09/2026 02:16
8c331885-f78a-4a6d-85b7-e4be7af8c5f7,bracelet.kitchen,available,10.99,64.99,high,low,8,namesilo,,,22/09/2026 01:56
d85563fd-f558-4506-9811-370e02d00e4a,somali.kitchen,available,8.98,83.98,high,low,6,namecheap,,,10/09/2026 13:58
31d9949b-38eb-424f-a923-dda0bfa537cf,nikki.kitchen,available,8.98,83.98,high,low,5,namecheap,,,28/09/2026 07:47
6ab4bbdc-da13-4812-be82-ac7836643d86,xeric.kitchen,available,8.98,83.98,medium,low,5,namecheap,,,13/09/2026 14:07
3f4bc2a5-4896-4a39-8e81-9020a8e96501,endo.kitchen,available,10.99,64.99,high,low,4,namesilo,,,01/10/2026 05:47
27e60187-bd83-4b87-9690-ec831c565fb7,obscure.kitchen,available,8.98,83.98,high,low,7,namecheap,,,05/08/2026 21:59
c360c84e-2400-4507-a36e-a32d7fe4f939,satiable.kitchen,available,8.98,83.98,medium,low,8,namecheap,,,09/09/2026 21:37
0f7aeac6-8b07-406f-9f1c-c83e0063dca0,earle.kitchen,available,10.99,64.99,medium,low,5,namesilo,,,26/09/2026 03:17
e8cf0308-4dcd-47ed-b76a-6625fb3c9346,grasp.kitchen,available,10.99,64.99,high,low,5,namesilo,,,19/09/2026 22:13
3f07b098-d1b4-4124-8168-e135b316b3f1,tahoe.kitchen,available,50.2,50.2,high,low,5,cloudflare,,,02/10/2026 02:57
5b2643e1-0786-4033-95dd-0e95d88e28e4,saccade.kitchen,available,8.98,83.98,medium,low,7,namecheap,,,22/08/2026 12:47
00be6f2a-abfb-48d1-a410-7db9afcd1d48,celery.kitchen,available,10.99,64.99,high,low,6,namesilo,,,19/09/2026 17:33
8e8895b1-a74a-4907-bab4-cc9fef6390b7,rehearsal.kitchen,available,10.99,64.99,high,low,9,namesilo,,,27/09/2026 03:47
39370e03-6d67-4da0-985a-4bb671d15c60,gabriel.kitchen,available,50.2,50.2,high,medium,7,cloudflare,,,28/09/2026 05:49
a9f939c7-f73b-4b88-9d55-8c49704f0742,skateboarding.kitchen,available,14.99,,medium,low,13,name.com,,,
276efa5b-0166-4713-aa1c-bd35910ea2c9,backed.kitchen,available,8.98,83.98,high,low,6,namecheap,,,08/08/2026 05:33
0115a87c-3dc7-483c-9036-5f4a5d5b2ef1,formalize.kitchen,available,7.96,51.95,high,low,9,spaceship,,,30/09/2026 19:58
b7aa9cf2-0600-4ccb-a5fc-3c9f9a8b0d73,giza.kitchen,available,7.96,51.95,high,low,4,spaceship,,,29/09/2026 17:47
0dbe8be4-2266-45d5-9b3d-21985407657b,agerasia.kitchen,available,10.99,64.99,medium,low,8,namesilo,,,17/09/2026 17:14
0b3ad09d-e3cf-4d1c-943a-2aee2c135e7e,strategically.kitchen,available,10.99,64.99,medium,low,13,namesilo,,,01/10/2026 06:13
53033869-c546-4bd5-ada7-04e4d8002295,periodic.kitchen,available,8.98,83.98,medium,low,8,namecheap,,,08/09/2026 17:11
d3fad84a-6a66-4be7-ab18-238078f51896,tension.kitchen,available,10.99,64.99,high,low,7,namesilo,,,27/09/2026 14:38
fea559ad-0dd5-4fea-bb03-ffc889faf4fb,operational.kitchen,available,8.24,53.72,high,low,11,dynadot,,,28/09/2026 07:11
eaccca09-eff3-4b7d-a22d-5abd3ea61ff5,adrenal.kitchen,available,8.98,83.98,high,low,7,namecheap,,,
e6a8e6cc-f9b3-4086-84b3-eb06bf6fb12f,louvered.kitchen,available,8.98,83.98,medium,low,8,namecheap,,,24/08/2026 10:04
e7db4f54-08ba-472a-bcf6-ff655569b01b,hawk.kitchen,available,14.99,111.99,high,low,4,godaddy,,,28/09/2026 02:04
8e6025a5-f762-4b81-a511-f9da2c1f86dc,trapped.kitchen,available,8.98,83.98,medium,low,7,namecheap,,,07/08/2026 11:08
c61a760b-8e46-4990-b547-b1520c98c3f6,balanus.kitchen,available,8.98,83.98,medium,low,7,namecheap,,,21/09/2026 21:03
aa03ea71-ddd8-4c70-b08d-2d21a78736f7,viscid.kitchen,available,8.98,83.98,medium,low,6,namecheap,,,20/08/2026 15:23
6103b14b-c2d3-462d-9b27-1d4afc2f4057,drives.kitchen,available,8.98,83.98,medium,low,6,namecheap,,,25/09/2026 17:24
9a40f799-1289-4fd1-9665-455ee36b9d3b,divine.kitchen,available,8.98,83.98,high,low,6,namecheap,,,
9b3ea92f-bb7b-489c-b0dc-9076d5e1b3ab,baic.kitchen,available,8.98,83.98,medium,low,4,namecheap,,,21/09/2026 18:51
128925c1-be29-4290-8e9d-bb5ef700646f,streetcleaner.kitchen,available,14.99,,low,low,14,name.com,,,
8ec8df53-3926-402f-89b0-1abaaa2952cb,unrevealed.kitchen,available,8.98,83.98,medium,low,10,namecheap,,,12/09/2026 08:09
5d8b8e5b-2780-4de1-8c0f-5f24a6619813,drum.kitchen,available,8.98,83.98,high,low,4,namecheap,,,10/08/2026 18:17
0d1cb42c-b1ba-4083-b0b7-792e209ffff4,plotted.kitchen,available,10.99,64.99,high,low,7,namesilo,,,21/09/2026 22:10
f13bc15a-ce9c-4a3a-a76a-1a3ef18e334e,unwieldy.kitchen,available,8.98,83.98,medium,low,8,namecheap,,,12/08/2026 13:10
af836d1a-e172-4e86-a4ca-316b7a16473a,intermittent.kitchen,available,10.99,64.99,high,low,12,namesilo,,,01/10/2026 04:59
25339df8-d7bc-4095-b5a1-5519b7bc0a07,volcanoes.kitchen,available,10.99,64.99,medium,low,9,namesilo,,,30/09/2026 15:37
961c5b40-6483-42ee-b598-7720082db7c4,baltic.kitchen,available,,,high,low,6,,,,
39c0d3af-f270-42f3-8132-d05d6f954577,doc.kitchen,available,10.99,64.99,high,medium,3,namesilo,,,24/09/2026 16:30
ef4b6cdf-41a2-4093-9b20-4d0b9037d1c4,hereabouts.kitchen,available,8.98,83.98,medium,low,10,namecheap,,,15/09/2026 00:20
9bff56eb-9b75-4ef6-b65b-5fa83a9a0b73,fucked.kitchen,available,50.2,50.2,medium,low,6,cloudflare,,,29/09/2026 21:06
fbe8afe7-b301-4c3e-9d3e-e7d7839b97af,inversion.kitchen,available,10.99,64.99,high,low,9,namesilo,,,19/09/2026 03:24
4ab0a5d7-17f7-4e4e-8e35-c23703c22a8f,doom.kitchen,available,10.99,64.99,high,low,4,namesilo,,,24/09/2026 23:34
9e44dc54-7ec9-470e-852e-64419409b3a9,memories.kitchen,available,10.99,64.99,medium,low,8,namesilo,,,25/09/2026 17:07
13233301-83a8-4da3-99eb-00692ea1bfc8,whiteside.kitchen,available,7.96,51.95,medium,low,9,spaceship,,,30/09/2026 20:26
83cdf2e8-b273-4996-a9bf-ada121c3d2b8,neem.kitchen,available,10.99,64.99,high,low,4,namesilo,,,20/09/2026 05:40
49a8cb3f-8eb2-4dd2-93b2-80bf44192f41,localised.kitchen,available,8.98,83.98,medium,low,9,namecheap,,,24/08/2026 08:47
5fa0617c-3616-4624-ba51-7e6421547fcb,suit.kitchen,available,8.98,83.98,high,low,4,namecheap,,,24/09/2026 18:58
34b41a93-fb5b-4b87-a3b9-c50d59b86646,manlike.kitchen,available,8.98,83.98,medium,low,7,namecheap,,,24/08/2026 14:48
3c3b4aa6-62ac-4764-9fcf-138d2eb8e758,yamaguchi.kitchen,available,7.96,51.95,medium,low,9,spaceship,,,29/09/2026 23:46
1b36b0da-7b06-441c-8e39-f3e5853ad4a8,cowper.kitchen,available,8.24,53.72,high,low,6,dynadot,,,29/09/2026 11:59
fb3f9a73-2517-44ab-9c5c-49f3908ae332,taproom.kitchen,available,10.99,64.99,high,low,7,namesilo,,,22/09/2026 03:42
03b23628-cc35-49e7-8e20-2432880e30f3,goony.kitchen,available,10.99,64.99,medium,low,5,namesilo,,,23/09/2026 23:48
ed0daa1c-2bba-4d50-8d80-b1421d3e9717,prn.kitchen,available,8.98,83.98,medium,low,3,namecheap,,,13/09/2026 21:26
6eba0138-311b-41f6-8732-b713cd78a7de,figural.kitchen,available,8.98,83.98,medium,low,7,namecheap,,,18/08/2026 03:51
0b4aa518-100f-497f-b0e3-5eb5342dc421,husayn.kitchen,available,7.96,51.95,medium,low,6,spaceship,,,30/09/2026 10:12
e7d7d975-e354-4e7f-a55d-24f8a53ab5b4,normative.kitchen,available,8.98,83.98,medium,low,9,namecheap,,,03/09/2026 21:19
9ca18e31-9680-4797-bf70-9c995e5e39d8,catharsis.kitchen,available,8.98,83.98,high,low,9,namecheap,,,16/09/2026 17:03
d1c6149b-cee3-4e46-8ce7-b47ba990bdc5,howdy.kitchen,available,8.24,53.72,high,low,5,dynadot,,,02/10/2026 05:13
17bf1b90-3ab8-4582-8c81-e4c80d2e4571,rack.kitchen,available,50.2,50.2,high,low,4,cloudflare,,,27/09/2026 15:29
5d882deb-a0e7-4829-be52-54191059f91c,tuition.kitchen,available,7.96,51.95,high,low,7,spaceship,,,28/09/2026 15:30
8ebf3f14-517f-4787-ae6a-201f0810e23a,bravely.kitchen,available,8.98,83.98,high,low,7,namecheap,,,14/09/2026 01:22
d116f815-61b9-466b-9b43-4e08a90971f4,neighbourhood.kitchen,available,10.99,64.99,high,low,13,namesilo,,,17/09/2026 15:31
37bd41fd-a858-4120-a8c3-5cdd74435a48,kamchatka.kitchen,available,8.24,53.72,medium,low,9,dynadot,,,30/09/2026 21:23
c304eb02-cabe-47bf-8fb3-e8d2d87d5e89,whitehead.kitchen,available,8.98,83.98,high,low,9,namecheap,,,18/09/2026 06:40
5ff476d7-7aec-46ad-8a24-322c05d64d8e,matutinal.kitchen,available,8.98,83.98,medium,low,9,namecheap,,,24/08/2026 17:33
47668da8-86e5-4947-a6f3-a408fc6b6568,surround.kitchen,available,8.98,83.98,high,low,8,namecheap,,,24/09/2026 07:28
4dc99a80-f894-4de4-b037-f57c48eeff6c,lifeless.kitchen,available,8.98,83.98,medium,low,8,namecheap,,,17/08/2026 15:52
ca51047d-b8bb-44fc-a0e7-47df08b1c90c,miao.kitchen,available,8.98,83.98,high,low,4,namecheap,,,21/08/2026 10:03
60c91a17-fd8a-428e-91d4-c2474c4c33d4,razorbill.kitchen,available,10.99,64.99,medium,low,9,namesilo,,,18/09/2026 03:39
d0a391b4-8fc6-4094-85ae-3ebc602ba23a,straits.kitchen,available,10.5,,medium,low,7,unstoppable,,,30/09/2026 02:57
ab56d566-8a06-42b0-aa62-87743d093853,pesky.kitchen,available,,,medium,low,5,,,,
dbfcb844-3f4a-466d-a976-6479cfd454a1,attributed.kitchen,available,7.96,51.95,medium,low,10,spaceship,,,30/09/2026 14:55
dfc01d41-c520-49fe-bd87-157844a76af1,binnacle.kitchen,available,10.99,64.99,medium,low,8,namesilo,,,23/09/2026 17:36
2e1cec70-8898-49c1-b7c3-773e8071f5f3,sustaining.kitchen,available,10.99,64.99,high,low,10,namesilo,,,01/10/2026 23:00
a53cf291-4f7d-49e9-aeac-7fbbd9e5b089,legibly.kitchen,available,8.98,83.98,medium,low,7,namecheap,,,14/09/2026 11:06
b77ffe02-9b4a-4598-85a0-ee0677339249,porn.kitchen,premium,414.2,414.2,high,medium,4,spaceship,,,28/09/2026 05:37
32912e5f-1206-4918-b756-7c86f6d62c5c,pirate.kitchen,available,7.96,51.95,high,low,6,spaceship,,,29/09/2026 04:52
d0fb435e-487c-40ba-9e55-722ad0fbe996,numb.kitchen,available,8.98,83.98,medium,low,4,namecheap,,,22/09/2026 19:39
53fe1664-d8ac-41d5-baca-58c8150123cd,capped.kitchen,available,8.98,83.98,medium,low,6,namecheap,,,11/08/2026 18:02
23485369-3006-420a-8efe-7ff1e7a1ecb6,pitches.kitchen,available,10.99,64.99,medium,low,7,namesilo,,,30/09/2026 14:41
f55ea798-e5fc-4ffa-8d38-f29972da63d8,sensibility.kitchen,available,8.24,52.01,high,low,11,porkbun,,,30/09/2026 22:27
55ab0e16-d399-43cc-9283-927f94cf4ebf,unmade.kitchen,available,8.98,83.98,medium,low,6,namecheap,,,12/09/2026 15:15
d5a1c30f-6fb3-4d73-a9db-3e74769a15dc,mesmeric.kitchen,available,8.98,83.98,medium,low,8,namecheap,,,24/08/2026 21:13
95249227-ef74-47bb-bd94-241d574bad8c,berg.kitchen,available,10.99,64.99,high,low,4,namesilo,,,18/09/2026 02:21
d09449ac-b726-4c52-9473-b55112935422,obesity.kitchen,available,10.99,64.99,medium,low,7,namesilo,,,30/09/2026 09:16
27706c32-dd97-4929-960b-d027cd87c02e,bus.kitchen,available,10.99,64.99,high,low,3,namesilo,,,28/09/2026 23:27
48528074-e656-4a82-bc52-645f6c4b16a8,cheque.kitchen,available,10.99,64.99,high,low,6,namesilo,,,22/09/2026 02:22
9adc6f23-4fb9-45d2-bb9e-da0b0cd14ad5,renewed.kitchen,available,8.98,83.98,high,low,7,namecheap,,,09/09/2026 14:04
3f07b640-eaa4-4061-9a40-6bd826e16420,werewolf.kitchen,available,8.24,53.72,high,low,8,dynadot,,,01/10/2026 20:23
9e18387f-d5be-4299-84fd-363b4fd00b41,guitars.kitchen,available,7.96,51.95,medium,low,7,spaceship,,,01/10/2026 17:52
46f3340c-d2db-4abf-81ec-9ed63a644952,sarcasm.kitchen,available,10.99,64.99,high,low,7,namesilo,,,24/09/2026 13:16
0595a6ea-5858-44f6-b6cf-4746c88e8388,reassigned.kitchen,available,7.96,51.95,medium,low,10,spaceship,,,30/09/2026 16:25
888b5440-4033-4ecb-bbe8-9fe3d94ddd80,steakhouse.kitchen,available,10.99,64.99,high,low,10,namesilo,,,24/09/2026 14:46
94b4c1c3-7b8c-4702-8fa5-66d6c748408c,titular.kitchen,available,8.98,83.98,medium,low,7,namecheap,,,11/09/2026 16:32
03113dbc-f654-4e73-8d39-7487df0bf7af,balding.kitchen,available,8.98,83.98,medium,low,7,namecheap,,,08/08/2026 09:35
f5f1fc07-ad89-4c1d-80a5-457653698ce8,disposition.kitchen,available,10.99,64.99,high,low,11,namesilo,,,29/09/2026 02:57
c663781a-c3b2-453e-97d8-dfe4a2e09463,bikes.kitchen,available,8.24,53.72,low,low,5,dynadot,,,29/09/2026 11:14
1f1a6bf2-5523-4fc5-9d63-e2c87015aeb1,supple.kitchen,available,8.98,83.98,high,low,6,namecheap,,,23/08/2026 11:09
37faceca-cd71-4d44-9ebe-0c8040a6df77,methionine.kitchen,available,14.99,111.99,medium,low,10,godaddy,,,30/09/2026 02:16
b5a1dc87-b176-48d3-904a-f9b3d94de693,resale.kitchen,available,10.99,64.99,high,low,6,namesilo,,,02/10/2026 02:31
3d749c0a-5f3f-4fcc-87ac-7c2473204e7d,ochreous.kitchen,available,10.99,64.99,high,low,8,namesilo,,,01/10/2026 23:27
8bdf95bc-401e-4c11-bfa2-7816dba34675,enraptured.kitchen,available,8.98,83.98,high,low,10,namecheap,,,14/08/2026 23:46
7295d5bc-a567-4161-9ef1-3e80496fa769,francois.kitchen,available,8.98,83.98,high,low,8,namecheap,,,27/09/2026 07:39
bff51c08-03be-4fe0-8e75-1f322dd2899b,flame.kitchen,available,8.98,83.98,high,low,5,namecheap,,,24/09/2026 19:16
9c4cc44d-fdfb-4de6-b790-c3985f827e60,mainland.kitchen,available,7.96,51.95,medium,low,8,spaceship,,,28/09/2026 14:49
4d9f24b4-7131-4e84-bbc3-c779c009176e,apodeme.kitchen,available,8.98,83.98,medium,low,7,namecheap,,,19/09/2026 18:17
0e738e9c-5003-44cb-867b-25742c4c8d49,disclosed.kitchen,available,8.98,83.98,medium,low,9,namecheap,,,24/09/2026 11:06
f30b61a9-544e-4947-9eca-a8646b11f804,half.kitchen,available,10.99,64.99,high,low,4,namesilo,,,27/09/2026 06:30
a170acea-abb2-47c1-9cb1-d0efc34a6e86,rotary.kitchen,available,8.98,83.98,high,low,6,namecheap,,,04/09/2026 17:37
06f24c59-6e30-40c2-8de1-bebf2672097d,dressy.kitchen,available,8.98,83.98,high,low,6,namecheap,,,14/08/2026 18:57
f1157aff-79d0-4ce9-98ea-bc5bace3f8e0,munson.kitchen,available,10.99,64.99,medium,low,6,namesilo,,,29/09/2026 15:48
3d7a64b5-3a12-47a2-921b-8f33369d264e,evacuation.kitchen,available,10.5,,medium,low,10,unstoppable,,,28/09/2026 09:36
3b44fe98-07de-4823-b957-ed0cbb950689,rested.kitchen,available,7.96,51.95,high,low,6,spaceship,,,27/09/2026 12:50
88d2967f-2e15-40f8-84c1-0a0eaec197d3,exilic.kitchen,available,8.98,83.98,medium,low,6,namecheap,,,17/08/2026 17:19
60982da7-208b-443d-9c63-531d40b0ad96,denominate.kitchen,available,8.98,83.98,medium,low,10,namecheap,,,14/08/2026 03:43
3adf167b-0d68-4515-ac74-423c23421e69,mattress.kitchen,available,50.2,50.2,high,low,8,cloudflare,,,28/09/2026 19:51
6678cbfe-cebd-4c46-9e12-bc3a63d5c064,susurrant.kitchen,available,8.98,83.98,medium,low,9,namecheap,,,03/09/2026 11:08
45e27d1f-8e21-44db-9039-ef8c4097c16c,mont.kitchen,available,7.96,51.95,medium,low,4,spaceship,,,30/09/2026 19:51
c707a574-f88b-422a-94cc-dee7886a16b4,haunted.kitchen,available,8.98,83.98,high,low,7,namecheap,,,21/08/2026 01:31
00215a51-1e76-43a5-a442-37f213abc94f,painkiller.kitchen,available,8.98,83.98,high,low,10,namecheap,,,
a38aad92-d5fe-4d32-8cfd-7bab9637c7b1,inherently.kitchen,available,8.98,83.98,medium,low,10,namecheap,,,15/09/2026 08:20
cff5fa7f-f8ac-4248-a532-ee3d225162ac,brochure.kitchen,available,8.98,83.98,high,low,8,namecheap,,,24/09/2026 07:07
750958fe-8ed8-4b10-ac45-711da6f2837e,extinct.kitchen,available,8.98,83.98,high,low,7,namecheap,,,17/08/2026 19:11
36733e86-4131-463d-b0e0-40bf02d1264f,entrance.kitchen,available,8.98,83.98,high,low,8,namecheap,,,22/08/2026 01:46
f8dbe47b-0eaf-435a-b2e4-cc5556557005,sahel.kitchen,available,7.96,51.95,medium,low,5,spaceship,,,30/09/2026 20:57
520a3c5b-ddb9-4a1a-abee-e1242998a936,citizen.kitchen,available,50.2,50.2,high,low,7,cloudflare,,,29/09/2026 09:28
cf11402f-d24d-4f02-9e7f-717aa31352d9,maximally.kitchen,available,8.98,83.98,medium,low,9,namecheap,,,15/09/2026 13:43
bfc099bf-6f13-48cb-b68c-7b3cdd76d2a5,academia.kitchen,available,10.99,64.99,high,low,8,namesilo,,,28/09/2026 08:49
7b8595a9-7153-4735-bca8-2245aae8e6a7,motionless.kitchen,available,8.98,83.98,medium,low,10,namecheap,,,25/08/2026 07:28
c4d21a87-16a9-4090-ae50-d4a4826518c9,recommends.kitchen,available,10.99,64.99,medium,low,10,namesilo,,,02/10/2026 03:44
38ec68fb-9ab9-4e1d-93df-8839e5a7e6b6,natality.kitchen,available,8.98,83.98,medium,low,8,namecheap,,,23/09/2026 21:04
6439f9d4-e7b1-460b-953c-97dbe890c494,reports.kitchen,available,10.99,64.99,high,low,7,namesilo,,,18/09/2026 16:26
9f7e470b-061c-44c9-a461-83e0074902e6,klamath.kitchen,available,10.99,64.99,high,low,7,namesilo,,,28/09/2026 06:07
056ef33a-f7c7-4558-a22c-6b6066486a41,gutless.kitchen,available,8.98,83.98,medium,low,7,namecheap,,,20/08/2026 21:12
d931565e-f297-43d0-95b9-bb078bac9101,unequaled.kitchen,available,8.98,83.98,high,low,9,namecheap,,,12/09/2026 09:09
152d66ee-29f7-43b7-bf14-ef78f5fb66a8,headlong.kitchen,available,8.98,83.98,medium,low,8,namecheap,,,21/08/2026 01:16
6d73d9f6-26e8-49ad-80cd-926a11f4c6ed,anil.kitchen,available,8.98,83.98,high,low,4,namecheap,,,22/08/2026 03:03
1bed2899-0044-4f35-9354-a36e41483bd1,prophecies.kitchen,available,10.99,64.99,medium,low,10,namesilo,,,01/10/2026 17:36
68fc2971-d3f3-4d7c-837f-03406cbb76b0,scoops.kitchen,available,8.98,83.98,medium,low,6,namecheap,,,20/09/2026 12:19
182ed984-dc9a-42b3-9f96-73f104ad4bb0,uhf.kitchen,available,8.98,83.98,high,low,3,namecheap,,,26/09/2026 00:28
430b9835-24b0-4d11-8be6-c783e1ee0fb7,equity.kitchen,available,10.99,64.99,high,low,6,namesilo,,,30/09/2026 01:33
cf847d48-5259-419e-9694-2d0ac319e2ba,macpherson.kitchen,available,10.99,64.99,medium,low,10,namesilo,,,28/09/2026 22:18
48c59d89-f6c0-4ca6-8cee-710dc97f37ee,esteem.kitchen,available,7.96,51.95,high,low,6,spaceship,,,28/09/2026 18:46
148223c6-1d99-46b8-a2d0-b40ba4592e3e,unread.kitchen,available,8.98,83.98,medium,low,6,namecheap,,,12/09/2026 17:51
503c9840-f5c3-4783-a227-a2d4be57c8bc,harcourt.kitchen,available,10.99,64.99,medium,low,8,namesilo,,,27/09/2026 08:10
91dd83e3-71ef-4a7b-b7d1-50244d4a54ad,killings.kitchen,available,10.5,,low,low,8,unstoppable,,,28/09/2026 23:59
4a07b67d-14e2-4705-af40-c7ecf0b3ad4c,grew.kitchen,available,10.99,64.99,high,low,4,namesilo,,,30/09/2026 22:49
44214c98-bd93-49c4-95d2-7c5d509df3a6,coincidence.kitchen,available,10.99,64.99,high,low,11,namesilo,,,27/09/2026 21:29
69d645e1-92fc-416f-b37d-7dcce2c2bfdc,despite.kitchen,available,8.24,53.72,high,low,7,dynadot,,,29/09/2026 11:22
bba8790d-9507-42e6-8953-fabdbe0c54f3,sentiments.kitchen,available,10.99,64.99,medium,low,10,namesilo,,,17/09/2026 07:39
fc0c1f83-223e-407b-bae3-0d32a97a24e8,revolves.kitchen,available,7.96,51.95,medium,low,8,spaceship,,,02/10/2026 03:02
498cc99b-198c-4bdc-95dd-da404ff9ec63,asexual.kitchen,available,8.98,83.98,high,low,7,namecheap,,,07/08/2026 01:33
21ac78db-2b9d-4b63-bea4-15547cdfb3a9,nacreous.kitchen,available,8.98,83.98,medium,low,8,namecheap,,,03/09/2026 12:37
8c7fb252-b4bb-415e-a3b3-2564bb5fd0d3,prodigious.kitchen,available,8.98,83.98,high,low,10,namecheap,,,12/08/2026 17:58
d950a1ab-64d5-48dc-aff8-561ab3c4aaa8,policemen.kitchen,available,8.24,53.72,medium,low,9,dynadot,,,28/09/2026 18:03
b60a5ed3-aa8d-404e-9a0b-60b1657b3523,variegated.kitchen,available,8.98,83.98,high,low,10,namecheap,,,13/09/2026 01:18
e93b2c86-7ecb-4bf6-a3e7-c5bcab2a3a4e,barnyard.kitchen,available,10.99,64.99,high,low,8,namesilo,,,22/09/2026 06:58
bc09820a-8500-4e2a-a8ac-dee5f625c75b,governing.kitchen,available,8.98,83.98,high,low,9,namecheap,,,20/08/2026 17:20
567a19f5-2c95-49ec-9a60-9c9fa2f344da,airs.kitchen,available,8.98,83.98,high,low,4,namecheap,,,17/09/2026 23:21
6b4bb842-d434-47ec-a5af-5583524161c4,downy.kitchen,available,8.98,83.98,high,low,5,namecheap,,,14/08/2026 17:40
fe9c5af8-42f6-43c7-814d-0015a10240d4,ignite.kitchen,available,50.2,50.2,high,medium,6,cloudflare,,,30/09/2026 17:03
489ad91d-e04c-4681-b33c-1f4d2c926aa0,embarrassment.kitchen,available,10.5,,medium,low,13,unstoppable,,,28/09/2026 12:29
27ab6412-50b2-4c28-8b2c-402a89c4f62a,beheaded.kitchen,available,8.98,83.98,medium,low,8,namecheap,,,09/08/2026 10:21
1710bb9c-57e3-40c4-b0ea-75f2119a52f7,britten.kitchen,available,8.98,83.98,medium,low,7,namecheap,,,23/09/2026 08:15
c5277b5e-d249-42bd-ad04-6d36d1428acc,willowy.kitchen,available,8.98,83.98,high,low,7,namecheap,,,20/08/2026 17:31
9cb3d66a-f6d2-4193-b745-25baeba59e6a,complimentary.kitchen,available,8.98,83.98,medium,low,13,namecheap,,,30/09/2026 04:02
0ff7cbb1-a6b6-4fb2-a960-b54d6ea640c7,prate.kitchen,available,10.99,64.99,medium,low,5,namesilo,,,23/09/2026 23:29
d39c8ff2-dc31-48b8-b16b-99ade1cfd7db,potatoes.kitchen,available,10.99,64.99,medium,low,8,namesilo,,,27/09/2026 02:12
b3ddd925-af67-479a-8e39-97e23bf14cfc,shadowed.kitchen,available,8.98,83.98,medium,low,8,namecheap,,,10/09/2026 05:25
8e2a42cd-f268-4e65-8aad-b4ba996ebca9,schubert.kitchen,available,50.2,50.2,high,low,8,cloudflare,,,01/10/2026 19:38
d288fedc-ae76-431c-b91f-89ac51a724ad,owes.kitchen,available,7.96,51.95,high,low,4,spaceship,,,28/09/2026 05:04
5a03b728-1d28-47ea-944d-d9231cdaeb84,casimir.kitchen,available,7.96,51.95,medium,low,7,spaceship,,,29/09/2026 03:56
fa480741-148b-4e4f-ac07-f5b0cbe86a05,boogie.kitchen,available,7.96,51.95,high,low,6,spaceship,,,29/09/2026 18:03
acdbe04e-9790-41b9-b72a-2dada7a20ee0,unproven.kitchen,available,8.98,83.98,medium,low,8,namecheap,,,12/09/2026 17:33
1207c343-b9cc-44b3-957b-989b6278edc3,fisher.kitchen,available,10.99,64.99,high,low,6,namesilo,,,24/09/2026 00:24
8d8471dc-25ac-4611-84dd-1cd02337e9fe,shakes.kitchen,available,10.99,64.99,medium,low,6,namesilo,,,29/09/2026 17:26
16e96c80-70cf-4ac1-8cf0-d7c9a2d127c3,atrocious.kitchen,available,8.98,83.98,medium,low,9,namecheap,,,22/09/2026 11:11
0d32f5a5-783e-494e-8cb7-25ea8997e805,validating.kitchen,available,8.98,83.98,high,low,10,namecheap,,,12/08/2026 20:53
5600d7d0-b7e8-43f8-a152-a01feecf722a,fran.kitchen,available,14.99,,high,low,4,name.com,,,
329b7c99-9352-4726-b66e-b111212edb69,crusty.kitchen,available,8.98,83.98,medium,low,6,namecheap,,,13/08/2026 09:26
a1d5c9d5-7508-4887-9fed-0c34f50f6688,benches.kitchen,available,10.5,,medium,low,7,unstoppable,,,02/10/2026 03:10
c39ed22d-bc14-4434-a524-b57346e10368,potassium.kitchen,available,8.98,83.98,high,low,9,namecheap,,,20/09/2026 22:30
38ac8422-b4af-42eb-8ae6-d17f96f16976,tryst.kitchen,available,14.99,84.99,high,low,5,name.com,,,20/09/2026 16:22
e205af4e-c128-47df-a3f5-9ce08cc8607e,forthright.kitchen,available,8.98,83.98,high,low,10,namecheap,,,11/08/2026 16:42
503a5c54-001e-4242-a958-eff4504bcfcf,luck.kitchen,available,7.96,51.95,high,low,4,spaceship,,,29/09/2026 09:20
b9a14d12-ed6d-439f-9d1f-e690b3d7cd8d,punctuation.kitchen,available,10.99,64.99,high,low,11,namesilo,,,01/10/2026 13:00
705de480-350c-448f-bbab-d60aa14f0dc8,hertzian.kitchen,available,8.98,83.98,medium,low,8,namecheap,,,21/08/2026 07:14
884a279e-d18b-402b-962d-9b184360c32e,updated.kitchen,available,8.98,83.98,medium,low,7,namecheap,,,18/09/2026 06:09
008bc4b8-74c1-40ad-898f-40c342ffd7b3,semitropic.kitchen,available,8.98,83.98,medium,low,10,namecheap,,,10/09/2026 03:36
b5853e33-f1bc-4aa0-9d1b-544b02d10e31,intends.kitchen,available,7.96,51.95,medium,low,7,spaceship,,,29/09/2026 11:20
23cbebce-7314-41cc-957d-e139e8b6b13d,several.kitchen,available,10.99,64.99,high,low,7,namesilo,,,02/10/2026 03:07
f7825191-acdf-4c5b-8ba2-63f88fa31594,sable.kitchen,available,8.98,83.98,high,low,5,namecheap,,,14/08/2026 23:11
1bc2e606-f28a-4c0f-a2ed-c3634f3173b7,cocktails.kitchen,available,7.96,51.95,medium,low,9,spaceship,,,30/09/2026 14:46
3fa2584b-396e-4aa4-bf4d-7d2f7222899e,leader.kitchen,available,50.2,50.2,high,low,6,cloudflare,,,30/09/2026 02:28
745e37b4-302f-4706-b3ee-37e1f4e11775,acth.kitchen,available,8.98,83.98,medium,low,4,namecheap,,,17/09/2026 04:25
bea9cf56-a533-428b-888a-7aaea237feb1,diesel.kitchen,available,50.2,50.2,high,low,6,cloudflare,,,28/09/2026 09:31
6c8cdace-2547-4949-bbbb-8cdb23e167c4,fuzzy.kitchen,available,8.98,83.98,high,low,5,namecheap,,,22/09/2026 23:28
9b90ea19-d341-4778-935d-81de268f77d1,ceric.kitchen,available,8.98,83.98,medium,low,5,namecheap,,,12/08/2026 00:39
b396b52b-e5a2-4df3-a3e3-cbf8676e277a,alimentary.kitchen,available,8.98,83.98,medium,low,10,namecheap,,,
6be2ff3e-aa69-405f-b0ab-242e77a11274,paolo.kitchen,available,10.99,64.99,high,low,5,namesilo,,,30/09/2026 04:42
ee8e4ac3-2691-405c-add5-c39248776976,permissive.kitchen,available,8.98,83.98,medium,low,10,namecheap,,,08/09/2026 17:48
073d83ab-3731-4227-8779-65c461473264,freiburg.kitchen,available,8.98,83.98,high,low,8,namecheap,,,28/09/2026 03:48
a73db17a-ce93-4769-9478-446d8fe00f1a,completing.kitchen,available,10.99,64.99,high,low,10,namesilo,,,23/09/2026 17:20
b6290375-126a-4b62-bd8b-b676aadbbbc1,wobbling.kitchen,available,8.98,83.98,medium,low,8,namecheap,,,13/09/2026 12:52
d54b6005-e30b-4f0a-ae63-e9a457ea23ea,potentiality.kitchen,available,14.99,,high,low,12,name.com,,,
c0552062-851e-48b9-9cef-4bc01366875a,snapping.kitchen,available,10.5,,high,low,8,unstoppable,,,01/10/2026 23:49
3b3baf58-3ce5-45ca-9d29-0a98da941721,enate.kitchen,available,8.98,83.98,medium,low,5,namecheap,,,16/08/2026 21:18
daa68f3c-62d6-43ea-8bec-1cc5038d2c7c,styleless.kitchen,available,8.98,83.98,medium,low,9,namecheap,,,10/09/2026 23:15
244a978c-c24c-47d8-bf4e-0219a190ed28,experimental.kitchen,available,10.5,,high,low,12,unstoppable,,,01/10/2026 06:24
e345f2f4-5d1d-4ab7-b85c-168922187b72,pentium.kitchen,available,10.99,64.99,high,low,7,namesilo,,,01/10/2026 11:44
3be4f408-d8fd-4810-8bc0-680a0769179f,introduced.kitchen,available,14.99,,high,low,10,name.com,,,
a3501037-ff22-4e08-9837-bce21e8e4c23,sung.kitchen,available,8.24,53.72,high,low,4,dynadot,,,29/09/2026 08:04
42a4c186-0684-42b1-aebe-5a3df9b06e76,amenity.kitchen,available,8.98,83.98,high,low,7,namecheap,,,17/09/2026 19:17
a2ff202b-50df-4f14-a34c-aaf66ef2c1d2,lilian.kitchen,available,10.99,64.99,medium,low,6,namesilo,,,29/09/2026 22:03
9914bf78-3a5a-46cf-8945-8e146f9db9d6,acquiesce.kitchen,available,10.99,64.99,medium,low,9,namesilo,,,20/09/2026 16:11
3d38f9f4-9593-4732-a256-3456d12b2136,ribbing.kitchen,available,8.98,83.98,medium,low,7,namecheap,,,11/09/2026 10:01
0bbdeb2d-9d5b-491a-9fe0-bedb337f10d1,interpersonal.kitchen,available,14.99,,high,low,13,name.com,,,
e760cda9-4b90-41ec-893b-f3758c19a72f,embodied.kitchen,available,8.98,83.98,high,low,8,namecheap,,,16/08/2026 09:35
830adae6-f9e3-471b-b454-3508dc84d34a,mundane.kitchen,available,8.98,83.98,high,low,7,namecheap,,,17/08/2026 14:55
74df7f67-ae7b-45b3-83f6-56b65c7e1289,session.kitchen,available,10.5,,high,low,7,unstoppable,,,28/09/2026 17:16
dedd0f34-ce3e-4c02-99c2-a1add02f12e1,shunning.kitchen,available,10.99,64.99,medium,low,8,namesilo,,,21/09/2026 09:50
ad50c9fe-2fe5-40b8-9f31-174e7e387dab,practical.kitchen,available,8.98,83.98,high,low,9,namecheap,,,21/08/2026 00:29
7135ccc6-e120-4679-a14c-04f5c7718141,nana.kitchen,available,10.99,64.99,high,low,4,namesilo,,,01/10/2026 01:36
df1b713f-0edc-44c2-8487-9384a9a6bbcb,conducted.kitchen,available,14.99,,medium,low,9,name.com,,,
a26047cd-04bd-461d-90e1-b16f44e37688,shoal.kitchen,available,8.98,83.98,high,low,5,namecheap,,,10/09/2026 05:46
e9374d98-2cbe-473b-80a0-8d8406cd37ca,inspire.kitchen,available,8.98,83.98,high,medium,7,namecheap,,,22/09/2026 04:50
41a9f227-9535-4ab5-a7ed-7c0ce2566686,afraid.kitchen,available,14.99,84.99,high,low,6,name.com,,,26/09/2026 00:46
7cfc81b8-6b00-41e0-a635-6c481491b4dc,drome.kitchen,available,10.99,64.99,high,low,5,namesilo,,,17/09/2026 12:59
c0f2f960-258e-4deb-aa3e-b59276c36599,adrift.kitchen,available,8.98,83.98,medium,low,6,namecheap,,,
d7ccaed7-1861-4820-bdd2-d4b5b92654a7,ytterbium.kitchen,available,10.99,64.99,medium,low,9,namesilo,,,20/09/2026 23:38
76a3cd23-dcfd-4b73-a4b2-e71d39cddfe0,diffuse.kitchen,available,8.98,83.98,high,low,7,namecheap,,,14/08/2026 07:02
e20f6a9d-cbd6-46a2-b23c-d2b3b1c6af8a,talladega.kitchen,available,7.96,51.95,medium,low,9,spaceship,,,29/09/2026 22:45
fd1fff6e-4e0a-43f7-a65b-de6623af544d,jibe.kitchen,available,10.99,64.99,medium,low,4,namesilo,,,22/09/2026 04:14
c04b7762-2c86-4fa1-a99b-979070383ccc,acadian.kitchen,available,8.98,83.98,high,low,7,namecheap,,,16/09/2026 20:29
0dd88502-9788-43fb-ac2c-cefb2415a349,tashkent.kitchen,available,8.98,83.98,medium,low,8,namecheap,,,24/09/2026 12:32
f4b1e56d-d603-4410-b13a-c2e51a31e2d3,squashy.kitchen,available,8.98,83.98,medium,low,7,namecheap,,,10/08/2026 17:16
9a18345e-d8ab-4fc8-a88c-10dfb8e6ad7b,comp.kitchen,available,8.98,83.98,high,low,4,namecheap,,,23/09/2026 17:59
bc338daa-fb28-4e35-87f0-101a3b2c0bf1,firing.kitchen,available,10.99,64.99,high,low,6,namesilo,,,27/09/2026 03:58
bc089d37-fc38-4f80-a13b-a99d81da7dad,greenback.kitchen,available,10.99,64.99,high,low,9,namesilo,,,22/09/2026 02:17
4d768be4-762d-4f15-be3e-65c88c60e970,aurous.kitchen,available,8.98,83.98,medium,low,6,namecheap,,,07/08/2026 17:31
c8926cd6-fe17-4f66-9b1d-d863e201757c,foliage.kitchen,available,14.99,111.99,high,low,7,godaddy,,,30/09/2026 01:40
ba885e1f-80ef-4a53-ae10-5559f4818ed0,volumes.kitchen,available,8.98,83.98,medium,low,7,namecheap,,,29/09/2026 17:06
d4c3d47d-ec0c-49fd-9b74-eeebb9057384,sayonara.kitchen,available,10.99,64.99,high,low,8,namesilo,,,17/09/2026 08:15
0e97afe5-499b-4dea-90a9-b34d5472350f,skirts.kitchen,available,10.5,,medium,low,6,unstoppable,,,29/09/2026 11:11
e5d8184d-984b-4f9a-baa8-b92cfc0c800a,accuse.kitchen,available,10.5,,medium,low,6,unstoppable,,,29/09/2026 02:41
ac540fcb-adb0-4eea-8ab3-5615f3f89ce8,angiogram.kitchen,available,8.98,83.98,medium,low,9,namecheap,,,19/09/2026 06:13
f5ced7eb-6ada-4248-8494-40d53fe491c6,miri.kitchen,available,10.99,64.99,high,low,4,namesilo,,,16/09/2026 16:35
70a0638c-fa24-465a-926a-b1dce1c0ccf4,repel.kitchen,available,10.99,64.99,high,low,5,namesilo,,,29/09/2026 15:49
c93b7378-5dc1-41be-9c7b-24f5159716f7,bullock.kitchen,available,8.24,53.72,medium,low,7,dynadot,,,29/09/2026 11:48
0c328a95-d1d1-43a4-b99e-7e3a69bbca30,thither.kitchen,available,10.99,64.99,medium,low,7,namesilo,,,16/09/2026 08:57
0075ff63-3161-4699-ace9-8000e10f715a,sixer.kitchen,available,8.98,83.98,medium,low,5,namecheap,,,
765d0d62-a8a2-4709-99cc-2d6e8afafdd9,wyandotte.kitchen,available,7.96,51.95,high,low,9,spaceship,,,30/09/2026 20:28
92a18da8-8d0a-40ff-9ca3-a42bdd5ef9b6,cannons.kitchen,available,10.99,64.99,medium,low,7,namesilo,,,30/09/2026 16:08
89e755b8-99c7-4897-8d25-74968378d7f3,raunchy.kitchen,available,8.98,83.98,medium,low,7,namecheap,,,09/08/2026 09:41
c21195ec-5173-4bd9-940d-82bce1cd511e,sissified.kitchen,available,8.98,83.98,medium,low,9,namecheap,,,12/08/2026 08:41
13d42571-d5ef-43e5-ab49-912969ea3f26,rio.kitchen,available,50.2,50.2,high,low,3,cloudflare,,,28/09/2026 03:02
cce2c558-15f6-4ec3-9ce5-f1d4ce4abe54,joined.kitchen,available,8.98,83.98,high,low,6,namecheap,,,25/09/2026 11:54
948ba4ac-1300-4bb7-8d2b-fa06a0501d9c,mckinley.kitchen,available,10.99,64.99,high,low,8,namesilo,,,25/09/2026 04:51
898565a0-f72c-4b02-940b-db622bbc9487,emir.kitchen,available,8.98,83.98,high,low,4,namecheap,,,18/09/2026 17:55
7fa8b665-b5e2-4648-98a3-a41ccffefdd4,blacken.kitchen,available,8.98,83.98,medium,low,7,namecheap,,,10/08/2026 11:10
a13913cf-4082-4ce8-b747-14b2ca3f4354,satellite.kitchen,available,8.98,83.98,high,low,9,namecheap,,,09/09/2026 21:34
dd93f97c-dd02-4c5b-83c4-a49660a9658e,observatory.kitchen,available,50.2,50.2,high,low,11,cloudflare,,,29/09/2026 08:28
da085fd4-c6ad-43a4-9471-4c292ec6a082,gamey.kitchen,available,8.98,83.98,medium,low,5,namecheap,,,18/08/2026 19:57
539b656b-087f-40e6-adab-10f671ebdf37,spaniards.kitchen,available,8.24,52.01,medium,low,9,porkbun,,,30/09/2026 23:47
64ea6ef6-8dec-47b6-adad-583d78ce241b,nascent.kitchen,available,8.98,83.98,high,low,7,namecheap,,,03/09/2026 13:35
afda89f5-72e7-456d-b7b9-5df275a057e1,heck.kitchen,available,7.96,51.95,high,low,4,spaceship,,,01/10/2026 01:34
0789e9cb-ddb4-40cf-af36-beabbceb5cf0,ribbons.kitchen,available,10.99,64.99,medium,low,7,namesilo,,,20/09/2026 07:05
1a129ca6-348e-42a5-b1be-b8a242208404,expressive.kitchen,available,8.98,83.98,high,low,10,namecheap,,,17/08/2026 18:50
b3310eee-2bdb-4c94-9c47-fe4cfc3406da,superable.kitchen,available,8.98,83.98,medium,low,9,namecheap,,,11/09/2026 02:14
bdaae91d-76ca-4ce6-b57c-d3c9c9ee6f46,abies.kitchen,available,10.99,64.99,high,low,5,namesilo,,,16/09/2026 15:38
3803c08b-3fa2-4181-9d35-9925b89ba907,singularity.kitchen,available,10.99,64.99,high,medium,11,namesilo,,,02/10/2026 00:54
02123857-5d8d-4a8a-8a8d-d6c6f7fd34c9,waking.kitchen,available,8.98,83.98,high,low,6,namecheap,,,13/09/2026 07:47
c35bd71d-c9f4-4efa-9dc9-7faec0c391c7,hubbard.kitchen,available,8.98,83.98,high,low,7,namecheap,,,25/09/2026 07:34
83c58958-d790-407f-92e5-d66e238b1cad,recommendation.kitchen,available,14.99,,high,low,14,name.com,,,
716f1579-8bd4-4353-abc5-a2cb684e755b,resect.kitchen,available,8.98,83.98,medium,low,6,namecheap,,,17/08/2026 15:12
6e588ced-cb30-4988-a17f-1d15a9908689,karlsruhe.kitchen,available,50.2,50.2,medium,low,9,cloudflare,,,28/09/2026 12:19
fa1c7a08-1003-4b95-9cb9-2e04581d0c42,trackable.kitchen,available,8.98,83.98,high,low,9,namecheap,,,11/09/2026 18:37
19cbed87-e945-4bc8-8b0b-568fcd79f599,sympathy.kitchen,available,7.96,51.95,high,low,8,spaceship,,,29/09/2026 19:11
3dc88d58-fde7-4f73-97ea-a887eb82721f,immaterial.kitchen,available,8.98,83.98,medium,low,10,namecheap,,,17/08/2026 19:22
bf2bca9a-44ff-446a-9bdb-ab5e2eaedc8b,keeps.kitchen,available,8.98,83.98,high,low,5,namecheap,,,25/09/2026 19:06
7a09c8d8-6660-4bd6-9ce9-d05f25e48dce,begin.kitchen,available,7.96,51.95,high,low,5,spaceship,,,28/09/2026 08:26
90cdf9d7-7fea-465f-98c6-2976aa0d77c5,trainers.kitchen,available,10.5,,medium,low,8,unstoppable,,,02/10/2026 02:12
5f4ccddd-5ff7-4e1d-a48a-46208e76077c,curly.kitchen,available,8.98,83.98,high,low,5,namecheap,,,13/08/2026 11:23
c0e82326-b411-4832-92da-f05cbdc24d9f,clxv.kitchen,available,8.98,83.98,medium,low,4,namecheap,,,
b8933aed-893f-418f-a092-4ccf0485e330,entry.kitchen,available,8.98,83.98,high,low,5,namecheap,,,08/09/2026 09:43
d38afd72-2099-4609-a126-3aa9f87d7b80,amended.kitchen,available,8.98,83.98,medium,low,7,namecheap,,,
f9822188-be51-4641-a053-73a83189ff0e,relationships.kitchen,available,8.98,83.98,medium,low,13,namecheap,,,17/09/2026 20:15
b83a9e55-3f4d-4a48-96ca-01142984b73e,ado.kitchen,available,10.99,64.99,high,low,3,namesilo,,,17/09/2026 09:17
c2f2934b-76d7-4d72-864e-6d13a9d6993b,alprazolam.kitchen,available,10.99,64.99,medium,low,10,namesilo,,,18/09/2026 14:08
1526e108-7069-46ba-a4ce-01db52461023,saman.kitchen,available,8.98,83.98,high,low,5,namecheap,,,18/09/2026 03:12
0f1a9fcc-564c-4285-b284-ba8e1eee95bc,worms.kitchen,available,7.96,51.95,medium,low,5,spaceship,,,28/09/2026 03:50
ea25bb78-3160-49b7-9053-0d0148e8152e,inexorable.kitchen,available,8.98,83.98,medium,low,10,namecheap,,,
ad0943aa-7e6a-45cc-8cda-af59a912b174,dam.kitchen,available,10.5,,high,low,3,unstoppable,,,29/09/2026 00:35
46a85f29-7f23-41ed-b2c1-33e76ac21ace,commandant.kitchen,available,8.24,53.72,high,low,10,dynadot,,,01/10/2026 01:32
caf0fdc7-8071-44a7-a23d-88ead2d1af8d,passing.kitchen,available,10.99,64.99,high,low,7,namesilo,,,24/09/2026 14:24
c814c932-284a-407c-a9ab-28e1ea37e292,fought.kitchen,available,14.99,,medium,low,6,name.com,,,
8e704832-1acf-4560-aecd-ba7fc98229d2,proclamation.kitchen,available,50.2,50.2,high,low,12,cloudflare,,,29/09/2026 16:06
a949b463-d83c-47ff-b9d4-f51f5304b712,fung.kitchen,available,7.96,51.95,medium,low,4,spaceship,,,30/09/2026 12:28
18410f39-a675-4bd9-86f9-69cc87c4dbc2,influent.kitchen,available,8.98,83.98,high,low,8,namecheap,,,22/08/2026 04:36
dc68e228-8ca3-47c4-acaf-724b91a50d83,hus.kitchen,available,8.98,83.98,high,low,3,namecheap,,,30/09/2026 10:11
b1e619d9-c7a3-4cfb-ac72-c3602b5e18c8,denying.kitchen,available,10.5,,medium,low,7,unstoppable,,,28/09/2026 11:30
492b0dde-f678-4fda-aada-4e89f325f0c6,banger.kitchen,available,10.99,64.99,high,low,6,namesilo,,,22/09/2026 01:46
24e6958e-598c-4968-820d-3d294ad514dd,bridgeable.kitchen,available,8.98,83.98,medium,low,10,namecheap,,,11/08/2026 04:00
63e15ff3-b211-4d61-8699-952a51935dc2,grandly.kitchen,available,8.98,83.98,medium,low,7,namecheap,,,14/09/2026 22:02
4ca0ab23-9777-4538-8c84-7c57743df786,carmine.kitchen,available,8.98,83.98,high,low,7,namecheap,,,10/08/2026 15:02
b2ec8845-73c4-4a6c-be26-f7ed5f460d2d,elizabeth.kitchen,available,10.99,64.99,high,low,9,namesilo,,,25/09/2026 05:29
290fe39d-af21-4ae6-b403-ffef3fd32435,arguably.kitchen,available,8.98,83.98,medium,low,8,namecheap,,,13/09/2026 20:45
4918d745-6b67-4e7c-9daa-9485214fe6aa,execute.kitchen,available,8.24,53.72,high,low,7,dynadot,,,27/09/2026 16:26
f7cd125f-39b6-45b0-a8a3-216b3538e146,fluently.kitchen,available,8.98,83.98,high,low,8,namecheap,,,14/09/2026 19:08
11119189-71e7-4210-9c9a-09f12dcb66ed,tree.kitchen,available,7.96,51.95,high,medium,4,spaceship,,,30/09/2026 11:12
bc23b07f-2411-4ae5-bcdd-1b711ef3c9ed,shrimp.kitchen,available,10.99,64.99,high,low,6,namesilo,,,29/09/2026 22:02
8f0d1d04-8c37-40a0-aa0c-22159c842e5f,foretoken.kitchen,available,10.99,64.99,medium,low,9,namesilo,,,21/09/2026 03:42
8dec97ec-fd11-417e-90f2-7f7a6754a9ee,dolt.kitchen,available,8.98,83.98,medium,low,4,namecheap,,,10/09/2026 23:09
4dfd0c1a-1ec6-42dd-a2b8-073c741ff4be,agitator.kitchen,available,8.98,83.98,medium,low,8,namecheap,,,17/09/2026 18:07
a649846f-f509-4565-88e9-7b40efe34947,pebbly.kitchen,available,8.98,83.98,medium,low,6,namecheap,,,20/08/2026 18:47
7d485efa-561c-48d0-b7b9-7f6e97ecaa21,scapular.kitchen,available,8.98,83.98,medium,low,8,namecheap,,,09/09/2026 22:51
aaa3ccaf-a523-4498-a0b7-3a6b595650da,cpu.kitchen,available,10.99,64.99,high,low,3,namesilo,,,24/09/2026 11:27
6af75fe5-19df-4ec5-be0e-2a4f90b4b9c6,ceremony.kitchen,available,8.98,83.98,high,low,8,namecheap,,,08/09/2026 07:31
24395fbe-c1ce-4a0e-b5b1-ca16b9491949,crowder.kitchen,available,10.99,64.99,medium,low,7,namesilo,,,01/10/2026 06:58
723859fc-167a-43b1-93f7-1c19b3e2daec,unlighted.kitchen,available,8.98,83.98,medium,low,9,namecheap,,,12/09/2026 13:01
4459f7a8-f916-4b4f-a38f-d0254d1e4c61,jaw.kitchen,available,8.98,83.98,high,low,3,namecheap,,,27/09/2026 03:31
5b69730b-00b9-4549-a812-e7cd08bf8613,swaps.kitchen,available,10.99,64.99,medium,low,5,namesilo,,,18/09/2026 22:39
f95d60bd-2d49-4aac-a4b1-2e5e1dddd81d,footling.kitchen,available,8.98,83.98,medium,low,8,namecheap,,,18/08/2026 03:30
d6a1d46e-361c-4ab0-9990-b19f4c280c02,platforms.kitchen,available,10.99,64.99,high,low,9,namesilo,,,01/10/2026 00:18
f609785c-1adc-434e-b409-5b33516302ab,intestinal.kitchen,available,8.98,83.98,medium,low,10,namecheap,,,04/09/2026 08:14
4b2b26dc-af95-47fc-b737-956559948901,ebony.kitchen,available,8.98,83.98,high,low,5,namecheap,,,14/08/2026 23:09
b60e836a-15fb-4ecf-84a1-b65e41fd04a9,tined.kitchen,available,8.98,83.98,medium,low,5,namecheap,,,09/09/2026 03:20
c1583214-7672-42a8-9998-aa358abac96a,onionskin.kitchen,available,8.98,83.98,medium,low,9,namecheap,,,18/08/2026 08:17
d03aa0c5-a62b-4ff6-b73a-c43548ed73e6,comfortable.kitchen,available,10.99,64.99,high,low,11,namesilo,,,26/09/2026 00:46
22015e5e-7463-4ce1-a885-d16803395da7,allentown.kitchen,available,8.98,83.98,medium,low,9,namecheap,,,18/09/2026 10:52
c861f9d6-c255-4663-b1dc-f0eb39d05653,admass.kitchen,available,10.99,64.99,medium,low,6,namesilo,,,17/09/2026 08:43
8548d133-d708-454d-8ef5-96a7697ea635,storied.kitchen,available,8.98,83.98,medium,low,7,namecheap,,,21/08/2026 09:55
103fa00c-acf6-4ceb-8e16-17d9a08aad32,warships.kitchen,available,10.5,,medium,low,8,unstoppable,,,01/10/2026 18:32
6ab57adf-3fed-4a64-b634-6dc26981cfd0,clutter.kitchen,available,7.96,51.95,medium,low,7,spaceship,,,01/10/2026 18:58
dee1e763-5aa9-4e29-bd8e-0304cfb10831,thursday.kitchen,available,50.2,50.2,high,low,8,cloudflare,,,30/09/2026 13:11
65192102-2d4d-45c9-958e-351499117e02,lucifugous.kitchen,available,8.98,83.98,low,low,10,namecheap,,,24/08/2026 10:55
612530e9-1f31-45d9-b8fc-24173497cf3c,powerhouse.kitchen,available,14.99,84.99,high,low,10,name.com,,,21/09/2026 22:33
ee21b15e-98dd-43bf-96c0-43d07d8bf945,attitude.kitchen,available,50.2,50.2,high,low,8,cloudflare,,,28/09/2026 23:06
5daeac6b-565f-4237-b4c3-388838110a2c,krakow.kitchen,available,8.98,83.98,high,low,6,namecheap,,,01/10/2026 01:37
69d610fe-6133-4c13-9f77-21518db94973,upload.kitchen,available,8.24,52.01,high,low,6,porkbun,,,01/10/2026 04:31
98b03b06-2901-4fee-8af0-c2fb7f489745,isobel.kitchen,available,8.98,83.98,high,low,6,namecheap,,,01/10/2026 08:56
ea7fca78-457b-4725-b04e-142d91d63d46,bared.kitchen,available,8.98,83.98,medium,low,5,namecheap,,,22/09/2026 17:24
c7a27d56-c121-498c-b1df-0c221ee2570a,interred.kitchen,available,8.98,83.98,medium,low,8,namecheap,,,11/08/2026 10:36
c372d463-2a59-4a70-b899-80b1e6d24959,contradiction.kitchen,available,10.5,,medium,low,13,unstoppable,,,29/09/2026 15:55
35224d60-70af-4481-96ca-f4530ea6c724,freudian.kitchen,available,8.98,83.98,medium,low,8,namecheap,,,18/08/2026 15:26
6d20d905-a492-46d1-9205-2a0ac5ff210f,riddle.kitchen,available,10.99,64.99,high,low,6,namesilo,,,24/09/2026 08:02
00727fc2-3773-493f-88b4-04e700bf7404,affected.kitchen,available,8.98,83.98,high,low,8,namecheap,,,
0d57ef03-88d7-4fd6-959b-f2075d99d254,reagan.kitchen,available,50.2,50.2,medium,low,6,cloudflare,,,28/09/2026 15:06
0a2ecdea-e019-4f0a-ba30-e676a3a703a2,abdul.kitchen,available,10.99,64.99,high,low,5,namesilo,,,27/09/2026 07:21
8d8b7d1d-9b82-47be-b234-73b25ac2bf66,makes.kitchen,available,10.99,64.99,high,low,5,namesilo,,,16/09/2026 09:30
7666f397-2dab-418f-aa68-e10521ae0d41,enamored.kitchen,available,8.98,83.98,high,low,8,namecheap,,,16/08/2026 21:09
19c1cf98-9f0c-44c5-b6c9-f74de163d2d8,alaska.kitchen,available,8.98,83.98,high,low,6,namecheap,,,28/09/2026 19:46
9cb84e54-5527-4937-8adf-fa70ff410afc,scribe.kitchen,available,10.99,64.99,high,low,6,namesilo,,,21/09/2026 03:59
195e90df-9545-44da-ba4c-43801d892b04,spiny.kitchen,available,8.98,83.98,medium,low,5,namecheap,,,08/08/2026 17:49
0932b70c-810f-4505-a759-aa83dfc082b3,pleasant.kitchen,available,10.99,64.99,high,low,8,namesilo,,,27/09/2026 04:06
fb49952b-9fcc-4827-a911-ecf9c516cd2c,cyclone.kitchen,available,8.24,52.01,high,low,7,porkbun,,,30/09/2026 09:19
842cfb4c-e798-4aed-9436-faf8a7b7e55b,veronica.kitchen,available,10.5,,high,low,8,unstoppable,,,30/09/2026 02:57
7c4ce218-c27e-4361-9f4e-dc9d871bd14f,exploring.kitchen,available,50.2,50.2,high,low,9,cloudflare,,,28/09/2026 15:59
68989f85-75bb-40ce-86d9-2d07c9b8b5cd,closure.kitchen,available,10.99,64.99,high,low,7,namesilo,,,24/09/2026 15:56
497727ee-77e2-496d-967a-faa275240d74,slapdash.kitchen,available,8.98,83.98,medium,low,8,namecheap,,,10/09/2026 09:57
fe2c71bf-a6e0-4b78-94b7-24c883730fd2,yearn.kitchen,available,8.98,83.98,high,low,5,namecheap,,,24/08/2026 08:59
7789e35a-53dc-41f7-8c25-9faab1d9d97e,gst.kitchen,available,50.2,50.2,medium,low,3,cloudflare,,,30/09/2026 23:01
c8c638ab-cc04-4946-825c-8191a0b6f234,ballade.kitchen,available,10.99,64.99,medium,low,7,namesilo,,,21/09/2026 22:41
31b7f06c-4140-4d37-b22e-b68595075d2e,ludlow.kitchen,available,7.96,51.95,medium,low,6,spaceship,,,27/09/2026 23:11
2d12152b-fa4d-40fe-a889-f13be8c6974a,ludwig.kitchen,available,10.99,64.99,medium,low,6,namesilo,,,29/09/2026 05:16
af86b0d8-191b-4bb2-8a0d-3cee100b284b,special.kitchen,available,10.99,64.99,high,low,7,namesilo,,,27/09/2026 06:30
69bb018b-1406-452f-819e-67d158821221,citation.kitchen,available,7.96,51.95,high,low,8,spaceship,,,29/09/2026 18:20
c0b49bdc-b56c-4e36-9832-8f7889cf10d7,burney.kitchen,available,7.96,51.95,medium,low,6,spaceship,,,30/09/2026 05:26
643af159-afc1-4139-88b8-2f9422225330,shopper.kitchen,available,50.2,50.2,high,low,7,cloudflare,,,01/10/2026 02:32
c1b970e8-17d7-44f3-9a5f-80eb7abf7a8a,greatest.kitchen,available,8.98,83.98,high,low,8,namecheap,,,20/08/2026 19:40
0ebfe1cf-09ad-4a7b-b720-87f68b852d58,listed.kitchen,available,10.99,64.99,high,low,6,namesilo,,,25/09/2026 13:56
ddd00814-a40b-458b-bbba-dcac51fc6e6c,sack.kitchen,available,8.98,83.98,high,low,4,namecheap,,,03/09/2026 15:56
ce6fea28-8800-41e4-af37-6356633b6230,spacetravel.kitchen,available,14.99,,high,low,12,name.com,,,
df4b26c0-3a30-4398-8dda-af46e48405cf,bilirubin.kitchen,available,10.99,64.99,medium,low,9,namesilo,,,23/09/2026 15:56
fe6f664a-5ed1-4c6b-9155-d8cd24b452ba,supervision.kitchen,available,50.2,50.2,high,low,11,cloudflare,,,28/09/2026 22:58
5f79433d-3060-45f8-a118-4dd77b1f45c2,sotho.kitchen,available,8.98,83.98,medium,low,5,namecheap,,,10/09/2026 14:39
0c0f591d-f700-4800-9c1a-da28fa0841ec,kashmiri.kitchen,available,8.98,83.98,medium,low,8,namecheap,,,22/08/2026 15:07
20116ab6-214d-4f41-969f-0476167dd3ed,infections.kitchen,available,50.2,50.2,low,low,10,cloudflare,,,30/09/2026 15:33
454ebf0e-d3c6-4493-a14b-5de82c09bed4,insidious.kitchen,available,8.98,83.98,medium,low,9,namecheap,,,22/08/2026 07:05
2528aca5-16fe-483a-9f07-fb552b8c6146,drivers.kitchen,available,8.98,83.98,high,low,7,namecheap,,,28/09/2026 03:43
fa62bbc9-71f1-45b3-81d7-eb3ca238f7a4,klan.kitchen,available,50.2,50.2,medium,low,4,cloudflare,,,30/09/2026 10:20
54b8f279-c650-4c92-ac8f-777cbcaf6acf,brainwash.kitchen,available,10.99,64.99,high,low,9,namesilo,,,30/09/2026 16:18
e70eb960-e9f2-4429-bc70-cd01662489cc,offenses.kitchen,available,10.99,64.99,low,low,8,namesilo,,,20/09/2026 10:35
a5dbb6a2-7c04-4a4f-8c82-2c7c87e9bea9,unarmed.kitchen,available,8.98,83.98,medium,low,7,namecheap,,,12/09/2026 01:00
18375344-fafb-46e4-bd78-5cee305b5b2d,enhancement.kitchen,available,10.5,,high,low,11,unstoppable,,,30/09/2026 23:26
7cba177d-7088-4ff1-99ed-74f65aae8989,allusive.kitchen,available,8.98,83.98,medium,low,8,namecheap,,,
d1757973-8db9-4e73-ad6a-aa86412aed0d,twain.kitchen,available,7.96,51.95,medium,low,5,spaceship,,,02/10/2026 04:28
5e87ac2b-943d-4e1c-a4dc-ad575c0ef32d,redress.kitchen,available,8.98,83.98,high,low,7,namecheap,,,09/09/2026 17:27
35e3f508-7a5d-43a0-96ac-e7f208a19da2,particle.kitchen,available,8.98,83.98,high,low,8,namecheap,,,24/09/2026 18:19
2d7ea696-6e5a-4cf7-ac33-59c07921c5e6,bunk.kitchen,available,8.98,83.98,medium,low,4,namecheap,,,03/09/2026 20:32
c5b3453a-77ce-4f43-990d-a7ed7c998a7f,rocking.kitchen,available,10.5,,high,low,7,unstoppable,,,28/09/2026 15:55
d5a628f9-89a5-401f-b2a0-069a59dbe103,logging.kitchen,available,50.2,50.2,high,low,7,cloudflare,,,29/09/2026 19:34
a2e736cc-42d1-4dd1-b057-53d4d110e45f,gut.kitchen,available,8.24,52.01,high,low,3,porkbun,,,28/09/2026 01:05
9d1942f5-7a1d-432d-b5f0-e85e6abbe4f5,oddball.kitchen,available,8.98,83.98,high,low,7,namecheap,,,14/08/2026 23:25
dd8ddfaa-90b9-4483-b074-b9d0d365eeac,acceleration.kitchen,available,8.98,83.98,high,low,12,namecheap,,,30/09/2026 05:46
ffad4b1b-860e-4d2d-a679-98c6f9e8a2ce,returned.kitchen,available,50.2,50.2,high,low,8,cloudflare,,,01/10/2026 19:02
d494dc8a-bb10-4bcf-8461-6431135ea809,witloof.kitchen,available,10.99,64.99,medium,low,7,namesilo,,,23/09/2026 05:01
8afd7f75-3f3d-4b47-90c6-a2c7fb6832ab,ergonomics.kitchen,available,8.98,83.98,high,low,10,namecheap,,,23/09/2026 17:53
33f4b6f2-1756-415a-9fba-fb964bdcba47,shears.kitchen,available,10.5,,high,low,6,unstoppable,,,30/09/2026 11:05
655ea76c-0d2d-48fc-8cf2-2a4e3764b2db,might.kitchen,available,10.99,64.99,high,low,5,namesilo,,,30/09/2026 04:30
5ada421a-0a78-4b4a-ab48-eb53375a24be,jonson.kitchen,available,14.99,84.99,medium,low,6,name.com,,,23/09/2026 07:26
972c88d7-bf2a-4791-99e0-bb61015a3069,gaspar.kitchen,available,10.5,,high,low,6,unstoppable,,,29/09/2026 18:14
ac6abf80-7c4b-4f01-bb18-b9210fe710be,diazo.kitchen,available,8.98,83.98,medium,low,5,namecheap,,,14/08/2026 06:23
65cce673-13ef-475c-a7e8-413e6cc41d2b,proximate.kitchen,available,8.98,83.98,high,low,9,namecheap,,,09/09/2026 04:46
773efd8f-2823-4fef-85de-cc7413cf7775,acedia.kitchen,available,10.99,64.99,medium,low,6,namesilo,,,16/09/2026 23:26
1bd6715b-e92b-4aba-8f7c-1c9f91a27d28,introductory.kitchen,available,14.99,,high,low,12,name.com,,,
5e331dd3-6ff0-4b02-bfa7-f7ad439477d5,lifeguard.kitchen,available,10.99,64.99,high,low,9,namesilo,,,02/10/2026 05:38
9ec6effc-3d55-4d1e-a589-d9a0e5c9cf1c,dampen.kitchen,available,14.99,84.99,medium,low,6,name.com,,,13/08/2026 16:53
fe5d6a1e-739d-46da-a7c9-c4acbcccb730,whacky.kitchen,available,8.98,83.98,medium,low,6,namecheap,,,06/08/2026 21:32
90997b70-279b-426c-9ca5-fbe00f0dbac9,actuate.kitchen,available,8.98,83.98,high,low,7,namecheap,,,09/09/2026 03:15
260fd6f6-185c-406c-9e97-ed9f6bdcb318,cbe.kitchen,available,7.96,51.95,high,low,3,spaceship,,,29/09/2026 09:19
b84abc0a-6cd1-4f1c-b590-740257f90c39,stowe.kitchen,available,10.5,,high,low,5,unstoppable,,,28/09/2026 14:23
cd4c8084-5116-43c4-a806-157710116f2d,tallest.kitchen,available,7.96,51.95,medium,low,7,spaceship,,,01/10/2026 17:37
62767b62-7b70-4269-9aa5-12be7aabc75e,igor.kitchen,available,7.96,51.95,high,low,4,spaceship,,,28/09/2026 03:33
6a967376-a53b-4183-bc35-d53aebab3fca,minnie.kitchen,available,10.99,64.99,high,low,6,namesilo,,,29/09/2026 09:12
1a761fdd-4fae-4e76-ac8d-6011724d848b,teensy.kitchen,available,8.98,83.98,medium,low,6,namecheap,,,10/08/2026 08:01
ef83424f-bc18-4165-9e6a-65b686ca2f25,geography.kitchen,available,50.2,50.2,high,low,9,cloudflare,,,28/09/2026 19:20
81427537-cf73-4db0-9a79-29a2fcb79476,ataraxis.kitchen,available,8.98,83.98,medium,low,8,namecheap,,,20/09/2026 19:42
8d936925-9b39-4514-8ba2-9d03388de0c8,discal.kitchen,available,10.5,,medium,low,6,unstoppable,,,30/09/2026 04:23
5d6f33de-b21e-421f-98df-6a68b9ef1eb5,sharply.kitchen,available,10.99,64.99,medium,low,7,namesilo,,,27/09/2026 20:32
77fde2f6-30c7-4b56-82b5-282432b1199c,defense.kitchen,available,8.24,53.72,high,low,7,dynadot,,,29/09/2026 13:31
c4900216-7c72-48de-ad5a-09aec1efcf6f,warship.kitchen,available,10.99,64.99,medium,low,7,namesilo,,,01/10/2026 01:30
fc936e86-6a01-46ec-ab0d-4214de40c917,thoroughbred.kitchen,available,50.2,50.2,high,low,12,cloudflare,,,01/10/2026 05:36
cb67db2a-ef11-4b2e-9693-b4027b4f1742,choke.kitchen,available,10.99,64.99,medium,low,5,namesilo,,,24/09/2026 14:43
2018c1c1-aa71-4873-96cb-8e80a347fc35,washed.kitchen,available,8.98,83.98,high,low,6,namecheap,,,13/09/2026 08:31
f765bb86-2233-4463-af3c-534d32929dd9,bawler.kitchen,available,10.99,64.99,medium,low,6,namesilo,,,22/09/2026 16:58
50fc0b2b-2521-4a7a-be07-98fa0844a116,injuries.kitchen,available,10.99,64.99,low,low,8,namesilo,,,27/09/2026 21:38
70991f75-45d4-41ed-b02c-3bd7a07a7bc8,terminally.kitchen,available,8.98,83.98,medium,low,10,namecheap,,,16/09/2026 08:25
d3d10729-5e0d-4a3b-8d6a-2b3669d66ffe,iberian.kitchen,available,8.98,83.98,high,low,7,namecheap,,,21/08/2026 17:32
23ea7224-f6ff-4c83-8683-677b567b85d1,transparent.kitchen,available,10.5,,high,low,11,unstoppable,,,30/09/2026 23:31
63a2cc92-3d87-4643-9281-b80a87192af5,farley.kitchen,available,10.99,64.99,medium,low,6,namesilo,,,30/09/2026 13:41
82054b91-2f4f-4fcf-808a-e3288328a4fc,dickerson.kitchen,available,7.96,51.95,medium,low,9,spaceship,,,29/09/2026 09:51
812d400f-405b-4681-b5b5-d12ac6545d45,scotia.kitchen,available,10.5,,high,low,6,unstoppable,,,01/10/2026 23:20
b7f1e897-2b0e-44cd-ade7-9bd0e9b6f8a9,showers.kitchen,available,8.98,83.98,medium,low,7,namecheap,,,28/09/2026 23:39
4e3b7204-d445-4c3b-b73d-2273c834c2bf,ashkenazi.kitchen,available,10.99,64.99,medium,low,9,namesilo,,,20/09/2026 13:54
1d448ddd-a664-462d-94ef-e7d1aa37d693,beerbohm.kitchen,available,10.99,64.99,medium,low,8,namesilo,,,23/09/2026 01:47
21eed0a0-c129-4530-b649-ad4ebbde5e02,swung.kitchen,available,10.99,64.99,medium,low,5,namesilo,,,30/09/2026 14:20
e3ac1b25-f0d7-4949-b1e7-022596681891,lowest.kitchen,available,8.98,83.98,medium,low,6,namecheap,,,22/08/2026 20:22
706eb44b-7afd-44fd-9d44-dee39179f295,rowley.kitchen,available,10.99,64.99,medium,low,6,namesilo,,,28/09/2026 12:08
a72f25e5-c6ef-4fc8-a56a-1a8d08932074,coastline.kitchen,available,7.96,51.95,high,low,9,spaceship,,,30/09/2026 09:12
a84e95c0-aa08-4e72-9031-b59c9ad215af,righteousness.kitchen,available,7.96,51.95,medium,low,13,spaceship,,,30/09/2026 06:14
1d339dc6-08ca-446e-8c71-83eb2ce41fe6,owners.kitchen,available,50.2,50.2,medium,low,6,cloudflare,,,28/09/2026 08:43
b3b043bd-b4fc-49d1-8941-cabd15ba5bd5,niggle.kitchen,available,8.98,83.98,medium,low,6,namecheap,,,23/09/2026 13:17
8693945c-70ff-4bd9-9f68-9db81e15cecf,ape.kitchen,available,8.98,83.98,high,low,3,namecheap,,,
012f6e5b-8e29-4cd5-88b4-577f0ace928d,anklets.kitchen,available,10.99,64.99,medium,low,7,namesilo,,,19/09/2026 09:46
4c0f24e5-65e9-4a53-81bb-3389696914c7,randall.kitchen,available,7.96,51.95,high,low,7,spaceship,,,28/09/2026 04:02
b689b9c5-8915-45de-9710-364da1b65744,tendency.kitchen,available,8.98,83.98,high,low,8,namecheap,,,22/08/2026 22:11
971d0932-74fe-4d3f-ba79-2dc77efab248,paramedic.kitchen,available,8.98,83.98,high,low,9,namecheap,,,08/09/2026 00:59
109660aa-1da5-4fac-aa47-4dcea7b1d264,categoric.kitchen,available,8.98,83.98,medium,low,9,namecheap,,,11/08/2026 21:29
cd702892-1b1f-4c7d-8ff0-2810773c0c7b,inmate.kitchen,available,8.98,83.98,medium,low,6,namecheap,,,24/09/2026 18:00
33ab27e9-58ba-4afa-8f4e-55c50edf4810,persons.kitchen,available,8.98,83.98,medium,low,7,namecheap,,,27/09/2026 21:14
f5ac70cb-3f53-469d-9368-25a5ed3aa561,xxxv.kitchen,available,8.98,83.98,medium,low,4,namecheap,,,
4245320c-bcbe-4c31-a4ea-d9fa2ab3e802,compeer.kitchen,available,8.98,83.98,medium,low,7,namecheap,,,17/08/2026 11:35
a7aeb827-e83c-4334-a125-32365b96f016,nazimova.kitchen,available,10.99,64.99,medium,low,8,namesilo,,,18/09/2026 09:38
5c9f3ea6-f3eb-48c5-b62f-105f7a42731a,clxx.kitchen,available,8.98,83.98,medium,low,4,namecheap,,,
7f555295-e867-4b20-8251-44bb4c82c757,characteristics.kitchen,available,14.99,,medium,low,15,name.com,,,
b875fe36-33ed-46ae-a4ae-1eea7ca30e42,ocean.kitchen,available,8.98,83.98,high,medium,5,namecheap,,,30/09/2026 06:03
d6212a64-b428-4b2e-9d6d-d109e66122a0,bryn.kitchen,available,50.2,50.2,medium,low,4,cloudflare,,,28/09/2026 07:45
a25aa159-78c8-4081-b78d-600fceae09a9,baneful.kitchen,available,8.98,83.98,low,low,7,namecheap,,,08/08/2026 09:44
0171ea95-5a24-49d4-8a24-bfe3edf8be30,plaguey.kitchen,available,8.98,83.98,medium,low,7,namecheap,,,
d60ea9da-28e7-4e33-8a9c-29ffcddc7e9a,unfathomed.kitchen,available,8.98,83.98,medium,low,10,namecheap,,,12/09/2026 09:57
f1d4e021-4ef7-40d5-892f-22b53ec0d903,beaded.kitchen,available,8.98,83.98,medium,low,6,namecheap,,,09/08/2026 03:18
a20d2a92-537a-4ff2-8fb2-d2aeeac8a0a2,thumb.kitchen,available,10.99,64.99,high,low,5,namesilo,,,25/09/2026 22:48
d23d9f7f-a253-4e47-bccc-1e0e9c7a206d,portray.kitchen,available,7.96,51.95,high,low,7,spaceship,,,30/09/2026 11:22
42659954-c30c-4b83-810e-940ce8eac2c1,hanger.kitchen,available,10.5,,medium,low,6,unstoppable,,,29/09/2026 22:02
ac6b5bd2-5c66-4628-9e85-e954a0683b6a,plentiful.kitchen,available,10.99,64.99,high,low,9,namesilo,,,27/09/2026 04:16
a8b8559a-260c-43eb-a50b-da784e28858a,achievements.kitchen,available,10.99,64.99,medium,low,12,namesilo,,,30/09/2026 06:58
6a302ebb-c464-4a08-8fea-dfdfc7f5c9c2,boasting.kitchen,available,10.5,,medium,low,8,unstoppable,,,02/10/2026 04:07
3d738214-f42c-45d4-93e9-a6b156fd5470,orwellian.kitchen,available,8.98,83.98,medium,low,9,namecheap,,,04/09/2026 18:08
9fdfd803-f45d-4d5a-8923-ad5251932602,scrubby.kitchen,available,8.98,83.98,medium,low,7,namecheap,,,09/09/2026 23:39
68900aca-6df2-46e4-a774-f3990774997b,disgruntled.kitchen,available,8.24,53.72,medium,low,11,dynadot,,,01/10/2026 05:39
d1281823-2f4c-4533-b947-e0132e12d537,securely.kitchen,available,8.98,83.98,high,low,8,namecheap,,,16/09/2026 00:50
f599480c-55ee-4a5a-a07e-e8f88cf692e6,tycoon.kitchen,available,8.98,83.98,high,low,6,namecheap,,,23/09/2026 14:18
cffb6bcd-7e3b-4798-897d-a85eba4d6e94,pagan.kitchen,available,8.98,83.98,medium,low,5,namecheap,,,18/08/2026 21:57
b3dea8e5-4c46-4e43-8667-062ce8b61e29,upwardly.kitchen,available,8.98,83.98,medium,low,8,namecheap,,,12/09/2026 22:57
b974bbe7-626f-47f8-bf5c-d6d9b423c4bc,openings.kitchen,available,8.98,83.98,medium,low,8,namecheap,,,20/09/2026 17:50
9b2286db-30e8-459f-86df-1584463d064b,opening.kitchen,available,8.98,83.98,high,low,7,namecheap,,,04/09/2026 16:15
ec2fa1ca-37ff-4352-b63b-2f6f66f73589,fourfold.kitchen,available,8.98,83.98,high,low,8,namecheap,,,18/08/2026 13:28
c4d8be00-1f7d-4a5a-b132-374bbfcbdf95,christy.kitchen,available,10.5,,high,low,7,unstoppable,,,29/09/2026 21:38
7aea9e15-4c87-48e2-9711-e60dba8489bc,comrade.kitchen,available,7.96,51.95,high,low,7,spaceship,,,28/09/2026 13:44
16decf2a-8dcf-40c3-98e4-33a59072ec32,flippant.kitchen,available,8.98,83.98,medium,low,8,namecheap,,,18/08/2026 08:32
adfd3f16-c26a-47af-895b-e35a32d41f79,garrison.kitchen,available,7.96,51.95,high,low,8,spaceship,,,30/09/2026 09:43
b762fbf9-9a63-448b-95f9-425b2285e9e9,dehydrate.kitchen,available,8.98,83.98,medium,low,9,namecheap,,,14/08/2026 03:38
a3c35ac3-615c-4193-8e70-96f70a10a5ad,evaluate.kitchen,available,8.24,52.01,high,low,8,porkbun,,,30/09/2026 15:15
61e9e1e9-3612-4615-9276-3184e339459f,chongqing.kitchen,available,50.2,50.2,medium,low,9,cloudflare,,,30/09/2026 09:09
0e3ff682-0781-48a6-8f3e-5efabc49b9a6,hoarfrost.kitchen,available,8.98,83.98,medium,low,9,namecheap,,,21/08/2026 10:07
4c69ed67-97d3-46f0-87a3-a1a023815f10,attempting.kitchen,available,8.98,83.98,medium,low,10,namecheap,,,28/09/2026 12:29
4853de39-a714-4c49-966e-92b3f4c1e378,phony.kitchen,available,8.98,83.98,medium,low,5,namecheap,,,08/08/2026 23:09
5aa6d777-47a0-4995-b9b6-f2712accbc68,synonymous.kitchen,available,8.98,83.98,high,low,10,namecheap,,,11/09/2026 06:31
d996ee47-42ce-4a69-84d3-46c1ea2f7235,filings.kitchen,available,14.99,,low,low,7,name.com,,,
df943436-635a-4eaa-b7f2-b456c251eb79,isi.kitchen,available,10.99,64.99,high,low,3,namesilo,,,29/09/2026 06:40
3673bfc1-2e1f-4597-8b63-fefb69101de2,feeder.kitchen,available,8.98,83.98,high,low,6,namecheap,,,12/08/2026 21:09
20f52081-d401-4a19-b7b0-68bbd4bc360f,greasy.kitchen,available,8.98,83.98,high,low,6,namecheap,,,20/08/2026 19:35
fdff720d-329b-49ca-95f6-cf0f61536b7e,ancestors.kitchen,available,10.99,64.99,medium,low,9,namesilo,,,28/09/2026 08:45
dbd98527-e77a-4898-b083-edb55156febd,narragansett.kitchen,available,7.96,51.95,medium,low,12,spaceship,,,29/09/2026 15:38
d68a2528-28e9-4505-89fb-d708996021ce,boozer.kitchen,available,8.98,83.98,medium,low,6,namecheap,,,
09623a0a-3e6b-424c-ae8c-43bffe56b604,quintette.kitchen,available,8.98,83.98,medium,low,9,namecheap,,,09/09/2026 09:00
693832ab-0fa4-4654-96b7-200cef629d6e,atavism.kitchen,available,8.98,83.98,medium,low,7,namecheap,,,20/09/2026 19:45
c573c406-9cba-453d-b832-64cc62a59274,buns.kitchen,available,8.98,83.98,medium,low,4,namecheap,,,09/08/2026 10:54
604a0aa4-541b-44e5-a779-7e32720b4174,acknowledge.kitchen,available,7.96,51.95,high,low,11,spaceship,,,01/10/2026 00:33
e1d91f00-a254-4eeb-92a2-adccfb494e88,binder.kitchen,available,10.99,64.99,high,low,6,namesilo,,,23/09/2026 17:10
e60bef3e-bea2-40a8-bcd1-539abe4f2833,wars.kitchen,available,10.99,64.99,medium,low,4,namesilo,,,18/09/2026 16:04
62a1c6fc-0650-4191-8b55-6b823f4ed458,burnish.kitchen,available,8.98,83.98,high,low,7,namecheap,,,08/09/2026 23:02
18327ded-060b-4f08-8103-fcff1f36c6de,rooted.kitchen,available,7.96,51.95,high,low,6,spaceship,,,29/09/2026 14:20
55be34e5-3fe8-4e0b-bf20-18d03a1e7608,grades.kitchen,available,8.98,83.98,high,low,6,namecheap,,,27/09/2026 11:23
b44ec16c-a540-40fe-9d48-25e8f4408d0d,zimmerman.kitchen,available,8.24,53.72,high,low,9,dynadot,,,27/09/2026 20:41
7da26390-9ed5-45cd-a249-8051991e21af,billet.kitchen,available,10.99,64.99,high,low,6,namesilo,,,23/09/2026 10:14
5eb37cfe-8394-4e5e-afee-10243bd6ce08,colossus.kitchen,available,10.99,64.99,high,low,8,namesilo,,,23/09/2026 03:27
3d83ee5d-c75c-4912-adde-7ab3fd8c2d33,manipulative.kitchen,available,10.99,64.99,medium,low,12,namesilo,,,30/09/2026 19:49
6f1dc608-061b-4400-8e6e-3b2d5bbb64f6,concise.kitchen,available,8.98,83.98,high,low,7,namecheap,,,23/09/2026 19:03
3b0bffd4-7677-4c6c-b15b-2517ffc68aef,morphine.kitchen,available,7.96,51.95,medium,low,8,spaceship,,,28/09/2026 10:27
9f6a9cc1-947b-455c-8d01-46bc06fbd910,hematic.kitchen,available,8.98,83.98,medium,low,7,namecheap,,,20/08/2026 21:53
376666e6-a405-4db5-a7a1-b0a3aa0058c1,effective.kitchen,available,10.99,64.99,high,low,9,namesilo,,,24/09/2026 13:31
7fc48417-3ebe-4bfa-8409-af2b4b7fb5fd,helpful.kitchen,available,8.98,83.98,high,low,7,namecheap,,,21/08/2026 06:37
475f8077-0aa3-4e7f-a4fb-0a050537ac6e,neutrality.kitchen,available,10.99,64.99,high,low,10,namesilo,,,29/09/2026 15:55
3a52f038-528a-41c5-8202-ec6b1d953825,dana.kitchen,available,8.98,83.98,high,low,4,namecheap,,,25/09/2026 22:21
381a7dbf-ed02-4fa9-9467-eef12d8e2fdf,rabies.kitchen,available,7.96,51.95,medium,low,6,spaceship,,,29/09/2026 19:34
5f208927-20a5-47e2-8f3e-29e037915f96,abkhazian.kitchen,available,8.98,83.98,medium,low,9,namecheap,,,
2008edfe-c941-45d3-ae8d-c80cb1508ede,false.kitchen,available,8.98,83.98,high,low,5,namecheap,,,22/09/2026 10:15
f61e5225-f177-45b2-9efa-96c5ec2db9cf,shaping.kitchen,available,8.98,83.98,high,low,7,namecheap,,,10/09/2026 05:59
544a60ed-b4d0-47ab-bc42-724a9dd8459d,cubic.kitchen,available,8.98,83.98,high,low,5,namecheap,,,13/08/2026 10:01
2b02cf14-1e20-4d9c-8edd-73273ecef0ca,hornet.kitchen,available,7.96,51.95,high,low,6,spaceship,,,30/09/2026 10:10
595899c1-d0d4-4ef1-87f8-4849cbe85afb,hopeless.kitchen,available,8.98,83.98,medium,low,8,namecheap,,,21/08/2026 13:54
91d6b65d-7aa0-489a-adde-935d2daf6336,lured.kitchen,available,7.96,51.95,medium,low,5,spaceship,,,01/10/2026 18:14
0ef2b5bc-0e27-43cb-a913-8eb384105ff4,promoter.kitchen,available,7.96,51.95,high,low,8,spaceship,,,29/09/2026 23:36
b34a4e03-fafc-44a0-8c12-e4cabe5b434f,devious.kitchen,available,8.98,83.98,medium,low,7,namecheap,,,14/08/2026 05:10
55b0fd84-f7e7-469e-aa22-593d124f02a5,explain.kitchen,available,7.96,51.95,high,low,7,spaceship,,,30/09/2026 19:34
99dc4d19-a2f8-483e-9e41-a24ce986849b,xliv.kitchen,available,8.98,83.98,medium,low,4,namecheap,,,
0cfcd690-43cb-4ca5-ae92-10406b6875e4,unreleased.kitchen,available,8.98,83.98,medium,low,10,namecheap,,,12/09/2026 18:08
3ad3d74b-95dc-41fa-9cd6-29e6464a3a2a,basket.kitchen,available,10.99,64.99,high,low,6,namesilo,,,29/09/2026 01:26
f1641a51-1b46-4447-95fa-0f082d3cf4c9,uri.kitchen,available,8.98,83.98,high,low,3,namecheap,,,28/09/2026 21:32
5d508dd3-66cd-4a4c-8316-9ade8b9d7ebe,spouses.kitchen,available,7.96,51.95,medium,low,7,spaceship,,,02/10/2026 01:55
69e5ab97-0388-4919-a4bf-a3c1d5fc9ccb,medic.kitchen,available,10.99,64.99,high,low,5,namesilo,,,29/09/2026 19:38
977dc4ab-6a5e-44a6-aac5-ab0fe1eae234,nonplussed.kitchen,available,8.98,83.98,medium,low,10,namecheap,,,07/08/2026 10:48
6517c8b5-fa67-4697-a542-3d121e6f51f0,whopping.kitchen,available,8.98,83.98,medium,low,8,namecheap,,,08/08/2026 13:14
09f1705f-c5d0-4a18-89a7-eb822c74ceed,heartthrob.kitchen,available,10.99,64.99,high,low,10,namesilo,,,29/09/2026 22:26
83997b0e-fa62-481e-8366-6cb7bc294b0d,amicable.kitchen,available,14.99,84.99,high,low,8,name.com,,,22/09/2026 04:19
79b16d09-7614-4ebf-a07a-3ba50fcc51c9,knobbly.kitchen,available,8.98,83.98,medium,low,7,namecheap,,,22/08/2026 16:31
541b97b0-2a91-4d8d-a056-015fead291a8,quieten.kitchen,available,8.98,83.98,medium,low,7,namecheap,,,11/08/2026 15:02
c0904382-8721-4ce5-b626-e53e06a79cb4,inga.kitchen,available,10.99,64.99,medium,low,4,namesilo,,,02/10/2026 05:24
ded83fb0-a4d4-40ff-9261-7e95051b75ae,toxic.kitchen,available,10.5,,medium,low,5,unstoppable,,,28/09/2026 09:26
b33e325a-b2f3-465c-85ad-c54bf1abc043,childbirth.kitchen,available,8.98,83.98,high,low,10,namecheap,,,12/08/2026 05:00
d16873a0-6887-4b2f-ae0b-baf5764f89b4,wittgenstein.kitchen,available,8.98,83.98,medium,low,12,namecheap,,,29/09/2026 09:48
f448b60c-26e8-49ed-ab58-45ae28687459,dogged.kitchen,available,8.98,83.98,medium,low,6,namecheap,,,14/08/2026 14:54
cd5ff81f-a1a9-4bd3-bc2a-de3453da3dc4,borneo.kitchen,available,50.2,50.2,medium,low,6,cloudflare,,,01/10/2026 18:45
d41ade37-7d3e-4c46-802a-60682fa983d0,enzymes.kitchen,available,10.99,64.99,medium,low,7,namesilo,,,30/09/2026 14:37
bfc54286-0038-4296-a6b3-8d23d776626f,aalii.kitchen,available,10.99,64.99,medium,low,5,namesilo,,,16/09/2026 13:12
8478c3aa-9f91-4146-8b16-f1d8c02c88f0,syracuse.kitchen,available,8.98,83.98,high,low,8,namecheap,,,29/09/2026 20:20
40c7e1a6-230f-4916-b1c1-3843f2de15b8,issuers.kitchen,available,10.99,64.99,medium,low,7,namesilo,,,30/09/2026 07:32
2852d250-45fe-4b6c-b5e3-f856ff6c802a,oxfam.kitchen,available,14.99,,high,low,5,name.com,,,
7e71eeb3-bbd3-4167-8ed3-ea2e844dfa20,fins.kitchen,available,10.5,,medium,low,4,unstoppable,,,30/09/2026 06:35
8f2b53f2-c4b3-4393-8230-5d9ff7e96f9e,temptable.kitchen,available,8.98,83.98,medium,low,9,namecheap,,,11/09/2026 11:04
617d512b-e793-47e3-96cd-fb2694004235,acridid.kitchen,available,10.99,64.99,medium,low,7,namesilo,,,17/09/2026 02:59
d8c34829-3153-4e7a-a217-bb00f43c270f,selkirk.kitchen,available,8.98,83.98,medium,low,7,namecheap,,,18/09/2026 05:50
851a4156-e950-4ffe-9bab-51e49940cd79,postpartum.kitchen,available,8.98,83.98,high,low,10,namecheap,,,09/09/2026 00:37
9e1eddc0-4b76-42d4-9096-ae339fd52785,apothecium.kitchen,available,10.99,64.99,medium,low,10,namesilo,,,19/09/2026 19:43
37ea0a14-f309-4865-a289-4ed9ba8b616c,cruiser.kitchen,available,8.98,83.98,medium,low,7,namecheap,,,28/09/2026 18:32
ef32cc65-2aa8-4bd0-a50d-33066928da64,lorraine.kitchen,available,10.99,64.99,high,low,8,namesilo,,,25/09/2026 09:09
17c5517b-f92c-4e5c-bfd5-2248174d9a16,housman.kitchen,available,10.99,64.99,medium,low,7,namesilo,,,16/09/2026 12:57
8be179bb-b987-4b43-9d86-f8aa8e4e8150,encyclical.kitchen,available,8.98,83.98,medium,low,10,namecheap,,,17/08/2026 00:42
67ee1aeb-aadd-42a6-9223-3c111a5bfbb4,cheesecakes.kitchen,available,8.98,83.98,medium,low,11,namecheap,,,08/09/2026 07:37
c6142009-8ec5-4a36-bce4-8b2648c9ffe1,ran.kitchen,available,8.98,83.98,high,low,3,namecheap,,,25/09/2026 12:35
bb3b5253-4032-418a-85ce-56ace89f2b51,pancake.kitchen,resell,,,high,low,7,Squarespace Domains II LLC,30/04/2018 21:46,30/04/2027 21:46,26/09/2026 08:00
ed35bfb1-cd83-43f5-99e6-8634c16f96e2,abatis.kitchen,available,10.99,64.99,medium,low,6,namesilo,,,16/09/2026 14:12
c2f3bcb2-af8b-4391-a177-e0062d46052c,atlantis.kitchen,available,8.98,83.98,high,low,8,namecheap,,,20/09/2026 21:45
efc59ac5-98ef-435c-a308-18484180b5d6,benedict.kitchen,available,10.99,64.99,high,low,8,namesilo,,,23/09/2026 07:52
54f64139-5760-4a94-8897-dfe81ef3aace,race.kitchen,available,8.24,53.72,high,low,4,dynadot,,,27/09/2026 17:26
b22bc79c-ebef-4f2e-85ae-0e8a1baa36dd,nullify.kitchen,available,8.98,83.98,high,low,7,namecheap,,,13/09/2026 06:46
27d80864-9a68-4241-b150-f6f498f0d4ea,smoothly.kitchen,available,8.98,83.98,high,low,8,namecheap,,,16/09/2026 02:56
a185e156-908f-433f-a261-3d4c08e66815,squinch.kitchen,available,8.98,83.98,medium,low,7,namecheap,,,10/09/2026 17:51
eb6b77ec-f815-45c5-a8dc-16cfe204b16a,rube.kitchen,available,8.98,83.98,medium,low,4,namecheap,,,21/08/2026 08:03
67099aa5-d5b6-4298-b674-43c69b19e4f7,robbing.kitchen,available,10.5,,medium,low,7,unstoppable,,,28/09/2026 23:49
55229534-0761-436c-9404-57a4d8192d0f,livy.kitchen,available,8.24,53.72,medium,low,4,dynadot,,,29/09/2026 13:19
8b55a160-d6f3-4625-9a24-9013f900bd4e,fsa.kitchen,available,10.99,64.99,high,low,3,namesilo,,,29/09/2026 08:40
3a54735a-192d-4e21-8f11-47ce974b7e80,inelegant.kitchen,available,8.98,83.98,medium,low,9,namecheap,,,22/08/2026 03:44
79e0956f-6a7d-4f1c-aa53-ab3c3404910c,birdhouse.kitchen,available,14.99,84.99,high,low,9,name.com,,,23/09/2026 20:39
c0cd48bb-8b64-4b87-8b77-790302360427,ioc.kitchen,available,10.99,64.99,high,low,3,namesilo,,,28/09/2026 07:36
84f7e8d3-55bd-45d4-b733-7ed8f3024dfe,autodidact.kitchen,available,10.99,64.99,high,low,10,namesilo,,,21/09/2026 06:15
8489e6fd-4465-48b8-b8fb-071ad6b6a60f,punishing.kitchen,available,8.98,83.98,high,low,9,namecheap,,,06/08/2026 17:10
919cd52f-b775-4bc2-80a2-0a86681e203c,smelly.kitchen,available,8.98,83.98,medium,low,6,namecheap,,,18/08/2026 02:31
c330afca-e462-4f74-9e13-6e72bbf9f088,rivas.kitchen,available,50.2,50.2,high,low,5,cloudflare,,,01/10/2026 09:54
700252b4-8101-411c-90e2-97a883ba8590,cubist.kitchen,available,8.98,83.98,high,low,6,namecheap,,,13/08/2026 10:03
929c6493-6883-427b-91dc-c131d6d4546a,acrophobia.kitchen,available,10.99,64.99,medium,low,10,namesilo,,,17/09/2026 03:53
ff05b55c-98a1-4d22-baca-150b125f7f22,avery.kitchen,available,10.99,64.99,high,low,5,namesilo,,,25/09/2026 15:31
5fdacf62-0f0f-44c0-a6f5-4107842ebb13,loyalty.kitchen,available,10.99,64.99,high,low,7,namesilo,,,18/09/2026 10:32
76d1c226-42d3-41ac-9549-885071520923,stick.kitchen,available,10.99,64.99,high,low,5,namesilo,,,29/09/2026 00:24
660b011b-ed17-4663-951a-b06a65998804,darrow.kitchen,available,8.24,52.01,medium,low,6,porkbun,,,30/09/2026 09:12
1310bf48-5191-4937-bdcb-c86df460b0b5,ruttish.kitchen,available,8.98,83.98,medium,low,7,namecheap,,,21/08/2026 14:10
51ea144f-ed56-4ebe-9299-c81a7d1e9e61,blatant.kitchen,available,8.98,83.98,medium,low,7,namecheap,,,10/08/2026 13:31
a3466d0c-7815-4530-af84-07fc47691e60,kenaf.kitchen,available,10.99,64.99,medium,low,5,namesilo,,,23/09/2026 16:55
792c0e77-b210-4bc6-8f9f-f52b415d33e4,affection.kitchen,available,10.99,64.99,high,low,9,namesilo,,,17/09/2026 14:16
468dbf88-2ee4-4561-a380-7cd6093e4009,galileo.kitchen,available,7.96,51.95,high,low,7,spaceship,,,29/09/2026 12:27
a60d0848-5940-4e86-91d6-a5681bba614c,homage.kitchen,available,8.24,53.72,high,low,6,dynadot,,,30/09/2026 01:53
80787bb8-c752-4462-9703-579303bd52f9,harsh.kitchen,available,8.98,83.98,medium,low,5,namecheap,,,12/08/2026 13:58
a0b32d4d-6ad7-47b4-b2b2-52acdb2fd0da,jackie.kitchen,available,8.98,83.98,high,low,6,namecheap,,,25/09/2026 13:22
90f53cb8-e686-4be0-a420-8a2cf04ac420,bewitch.kitchen,available,8.98,83.98,high,low,7,namecheap,,,21/08/2026 07:41
dfb04ec0-7e28-4d35-b138-8ead4c9a9ab8,pitchy.kitchen,available,8.98,83.98,medium,low,6,namecheap,,,12/08/2026 13:45
8782e0b9-391a-49aa-8434-d9297999359d,appalled.kitchen,available,8.98,83.98,medium,low,8,namecheap,,,
67110fcc-6f71-432d-938e-74927960ab58,boomerang.kitchen,available,7.96,51.95,high,low,9,spaceship,,,02/10/2026 04:09
44bde334-104d-4aa2-a18e-d3671297d4dd,noted.kitchen,available,8.98,83.98,high,low,5,namecheap,,,11/08/2026 23:17
15fbbc27-9196-4755-b4ca-936a1a24d510,orad.kitchen,available,8.98,83.98,medium,low,4,namecheap,,,15/09/2026 18:09
cfc1b9b8-f9da-47f0-a897-3b233d58c362,slippers.kitchen,available,10.5,,medium,low,8,unstoppable,,,30/09/2026 07:13
613333af-07ce-4571-ae01-874be7e51407,antemortem.kitchen,available,8.98,83.98,medium,low,10,namecheap,,,
fd956e57-1bf9-4cb9-9d21-e68525301c63,faggot.kitchen,available,8.98,83.98,medium,low,6,namecheap,,,09/09/2026 08:02
cbd3d6f1-d951-4779-8aec-2268605c6706,tenderness.kitchen,available,8.98,83.98,high,low,10,namecheap,,,17/09/2026 14:18
07a4bb63-c7eb-4223-bf3d-0c6af0d1af17,rheumatoid.kitchen,available,8.98,83.98,medium,low,10,namecheap,,,06/08/2026 23:10
53f13874-c4fb-4cf8-86ed-7bea54fe22bc,defend.kitchen,available,8.98,83.98,high,low,6,namecheap,,,23/09/2026 13:40
aaa8dab7-ab60-4a37-8b0b-9a6468e1ffb8,expert.kitchen,premium,218.8,437.19,high,low,6,porkbun,,,01/10/2026 16:35
5e84502b-cabc-44ca-b36b-8680b6fca896,depending.kitchen,available,7.96,51.95,medium,low,9,spaceship,,,27/09/2026 22:26
65930d3f-8ae8-4cae-ad5d-dbc2b26573f1,amoy.kitchen,available,10.99,64.99,medium,low,4,namesilo,,,18/09/2026 23:05
8f81dc70-5b8a-488a-b6b0-9268e5a969b4,spleen.kitchen,available,10.5,,high,low,6,unstoppable,,,30/09/2026 02:01
b1c1125f-53c5-4785-b5ec-7512e4499279,torpedo.kitchen,available,7.96,51.95,high,low,7,spaceship,,,28/09/2026 05:28
c99c27c8-48a3-4496-901c-b32e9ad0875d,bouquet.kitchen,available,10.99,64.99,high,low,7,namesilo,,,24/09/2026 07:35
59c41de2-a211-4155-9014-2a4ca2ea1d34,bathing.kitchen,available,10.99,64.99,high,low,7,namesilo,,,22/09/2026 13:36
fc0879dc-88f0-489a-bcf9-6210bf96da71,yucky.kitchen,available,8.98,83.98,medium,low,5,namecheap,,,14/08/2026 10:51
653a25a0-1aa3-43eb-9184-115e05addd60,beside.kitchen,available,10.5,,high,low,6,unstoppable,,,01/10/2026 03:19
50538e76-98bd-4ecf-8d77-1f9b20a4007f,hogs.kitchen,available,10.99,64.99,low,low,4,namesilo,,,01/10/2026 16:49
d39a6d5d-a45c-4119-bd22-a6ea00052bc7,compress.kitchen,available,7.96,51.95,high,low,8,spaceship,,,01/10/2026 19:02
c44cc6b7-3c92-46db-969b-5e4b8ca9671f,lived.kitchen,available,8.98,83.98,high,low,5,namecheap,,,25/09/2026 20:09
77984e05-d345-4925-9bf9-d43f662935a9,weakly.kitchen,available,14.99,84.99,medium,low,6,name.com,,,13/08/2026 20:38
1eb1468c-6c06-4f82-bdd9-ddca5fab5875,aitken.kitchen,available,8.98,83.98,medium,low,6,namecheap,,,29/09/2026 10:35
9b61e9e8-838f-4e85-a458-b50dd5db1f75,nervous.kitchen,available,8.98,83.98,medium,low,7,namecheap,,,21/09/2026 22:02
3052ec5d-da52-44b8-b88a-97bc09f4315c,airfield.kitchen,available,10.99,64.99,high,low,8,namesilo,,,17/09/2026 23:09
6d800cc8-50f9-4fc1-a67c-8e40ede377c5,niall.kitchen,available,7.96,51.95,medium,low,5,spaceship,,,01/10/2026 08:02
0bf6098c-8690-4ac4-80ef-8155ced2a6df,overload.kitchen,available,7.96,51.95,high,low,8,spaceship,,,29/09/2026 13:38
bb148029-fd9c-4570-9a8a-ceb4cf7995fa,sculpted.kitchen,available,8.98,83.98,high,low,8,namecheap,,,20/08/2026 18:50
dcb138a1-d2ca-4f00-8453-23757d02d3a9,pilots.kitchen,available,10.99,64.99,medium,low,6,namesilo,,,28/09/2026 00:23
ae13f0ff-feaf-4157-8610-a54b5ca62cea,boy.kitchen,available,7.96,51.95,high,low,3,spaceship,,,29/09/2026 03:52
74bd3695-629f-4683-9594-90b1f864cdb5,vermont.kitchen,available,8.24,53.72,high,low,7,dynadot,,,28/09/2026 09:57
addea30a-0618-4597-aa33-138b28c52fa9,unselfish.kitchen,available,8.98,83.98,high,low,9,namecheap,,,12/09/2026 19:16
e2b25581-901e-445e-973b-682ef4a780ca,penalties.kitchen,available,14.99,,high,low,9,name.com,,,
1f8fe960-07ad-4f4e-b09b-b3d90b97b07c,amity.kitchen,available,10.99,64.99,high,low,5,namesilo,,,18/09/2026 21:57
380743cc-5be3-4222-8ea3-57379c21db6a,astound.kitchen,available,10.99,64.99,high,low,7,namesilo,,,30/09/2026 15:00
ca435750-0a4c-4377-9809-305e3cfe6beb,amperage.kitchen,available,10.99,64.99,medium,low,8,namesilo,,,18/09/2026 23:07
f79ff291-5169-4457-8784-67e413d1b7ca,jra.kitchen,available,10.99,64.99,medium,low,3,namesilo,,,19/09/2026 14:09
6cdab37c-c038-4372-9e9a-53b4015c4737,immutable.kitchen,available,8.98,83.98,high,low,9,namecheap,,,12/08/2026 01:57
1f70449f-451d-4df9-89f1-39d90ca671e0,bradstreet.kitchen,available,8.98,83.98,medium,low,10,namecheap,,,19/09/2026 10:16
77e8d1dd-b5c4-45f3-9009-9b885cbdd33d,thebes.kitchen,available,10.99,64.99,medium,low,6,namesilo,,,28/09/2026 11:00
d632870f-faba-446b-9494-d6d5aac84fbf,davidson.kitchen,available,10.99,64.99,high,low,8,namesilo,,,25/09/2026 15:02
3108db95-52f2-4d3c-9cb6-7a2cb92e3a3a,antimatter.kitchen,available,10.99,64.99,high,low,10,namesilo,,,19/09/2026 14:40
dd3146c6-6c6f-41cd-b541-7571dd6b938c,absolutely.kitchen,available,10.99,64.99,high,low,10,namesilo,,,28/09/2026 11:36
7b60d158-e6ba-4786-9f97-c02d49be0afd,colors.kitchen,available,50.2,50.2,high,low,6,cloudflare,,,29/09/2026 10:19
9811f471-e518-4501-b13e-8fb37021d01d,heroically.kitchen,available,8.98,83.98,high,low,10,namecheap,,,15/09/2026 00:39
fd45311e-17b8-4fc9-8e1a-5ac2dccc1e8d,toffy.kitchen,available,8.98,83.98,medium,low,5,namecheap,,,11/08/2026 04:55
0933ec19-97a4-408c-bc9e-9f726d22f783,create.kitchen,resell,,,high,medium,6,"Sav.com, LLC",25/06/2026 17:55,25/06/2027 17:55,26/09/2026 05:19
a7ff4fe1-97a9-48ce-a30c-af83bcced688,rollercoaster.kitchen,available,14.99,,medium,low,14,name.com,,,
a64ea716-f3dc-47f1-9c83-657e30de254b,gallows.kitchen,available,7.96,51.95,medium,low,7,spaceship,,,30/09/2026 09:52
df3e67e6-2f86-4e27-850e-d881e90b860f,specify.kitchen,available,50.2,50.2,high,low,7,cloudflare,,,29/09/2026 20:40
c8ba7eaf-77dc-482d-8171-f462f512ac9c,eliot.kitchen,available,10.99,64.99,high,low,5,namesilo,,,25/09/2026 05:27
803989e9-9e8f-49f5-93c7-6bce229963ae,subarctic.kitchen,available,8.98,83.98,medium,low,9,namecheap,,,10/09/2026 23:36
a0a9c6df-8c35-4444-80f9-5cee2aaa2bf6,reservoir.kitchen,available,8.98,83.98,high,low,9,namecheap,,,20/09/2026 11:41
82bf9e1d-fcea-4bb3-9e0f-2e5a998af7d5,iss.kitchen,available,8.98,83.98,high,low,3,namecheap,,,27/09/2026 23:32
a50dd017-c810-4ba0-affb-e86dedabaea5,bawd.kitchen,available,14.99,84.99,medium,low,4,name.com,,,13/08/2026 14:22
53381a9f-c29f-4a12-90eb-505c4fb34ac7,virtues.kitchen,available,10.99,64.99,medium,low,7,namesilo,,,29/09/2026 16:33
15d0e4a6-d176-4433-b412-fe80e76b9fb4,liv.kitchen,available,8.98,83.98,high,low,3,namecheap,,,
2bbbe626-8a2e-464f-8e62-db533aede2fc,tallinn.kitchen,available,7.96,51.95,medium,low,7,spaceship,,,29/09/2026 00:18
411e551f-f67f-48ae-ad0c-287c98bed888,polygons.kitchen,available,7.96,51.95,medium,low,8,spaceship,,,29/09/2026 17:57
eb8e428b-fac9-4a3a-87d5-f14ddcc7dd50,caloric.kitchen,available,8.98,83.98,medium,low,7,namecheap,,,11/08/2026 15:07
324d7c26-c769-4289-8b6a-9f70c08a7bec,sabbatical.kitchen,available,8.98,83.98,high,low,10,namecheap,,,09/09/2026 20:30
14b93f91-67d9-45c3-8010-11c1da4776ff,pearse.kitchen,available,10.5,,medium,low,6,unstoppable,,,02/10/2026 01:53
d130fdfb-e93d-4ee1-973f-5228c1327cd3,oversewn.kitchen,available,8.98,83.98,medium,low,8,namecheap,,,04/09/2026 21:48
43ba1ed1-2d94-4aea-9565-9870138f1979,operative.kitchen,available,8.98,83.98,high,low,9,namecheap,,,04/09/2026 16:29
27421e34-450a-45b1-a16b-abfd2902bed3,alces.kitchen,available,10.99,64.99,high,low,5,namesilo,,,18/09/2026 03:55
ee6ed75e-6c78-4f6c-ba5e-a9b864035024,criminals.kitchen,available,10.99,64.99,low,low,9,namesilo,,,27/09/2026 03:03
90d9c238-5908-4cc2-9df8-e68c79be3266,attentions.kitchen,available,8.98,83.98,medium,low,10,namecheap,,,19/09/2026 21:27
b086f8cf-dcfd-4451-8f44-ead7afd4f7c0,torre.kitchen,available,10.99,64.99,high,low,5,namesilo,,,28/09/2026 03:40
9b242309-1734-4a84-a3cc-d741c4d87689,genital.kitchen,available,8.98,83.98,medium,low,7,namecheap,,,18/08/2026 21:40
7ff6a14e-bb72-4a4d-bab7-e2739fe37766,chapstick.kitchen,available,14.99,,high,low,9,name.com,,,
ed8f1ee9-f2dd-40d1-9fb5-4d6fed11b729,tierce.kitchen,available,8.98,83.98,medium,low,6,namecheap,,,
0ffdae60-6f36-484e-8e44-5deeeddcf3e1,material.kitchen,available,7.96,51.95,high,low,8,spaceship,,,30/09/2026 23:30
248491e1-d74a-4dbf-915b-532cd7d9528f,bce.kitchen,available,10.99,64.99,medium,low,3,namesilo,,,28/09/2026 13:14
7678229a-39dc-45e2-84ee-f439a8acd871,goonie.kitchen,available,10.99,64.99,medium,low,6,namesilo,,,23/09/2026 23:45
b70eaf2d-d3e8-41bd-990f-36940f53044e,weizmann.kitchen,available,7.96,51.95,high,low,8,spaceship,,,01/10/2026 18:56
af721c00-411d-4c3c-9791-57a47d32c657,amenra.kitchen,available,8.98,83.98,medium,low,7,namecheap,,,18/09/2026 18:32
6a70eb49-97cf-4107-ab88-b9188dfb4fc5,schiller.kitchen,available,10.99,64.99,high,low,8,namesilo,,,02/10/2026 05:31
ce5090ac-6048-48e5-b0f1-c651a964ba28,ambystoma.kitchen,available,10.99,64.99,medium,low,9,namesilo,,,18/09/2026 17:36
38773450-e021-4e1e-a5e5-e537eb3492f8,borne.kitchen,available,14.99,,medium,low,5,name.com,,,
8dc035fb-755d-438d-b435-126c1b6125f7,ninefold.kitchen,available,8.98,83.98,medium,low,8,namecheap,,,03/09/2026 17:31
4f441b13-8d47-4094-a7b9-f5d7963816be,dominating.kitchen,available,8.98,83.98,medium,low,10,namecheap,,,07/08/2026 19:40
9d8a8368-cf1a-4b0d-816e-669dd3f96f36,atrazine.kitchen,available,10.99,64.99,medium,low,8,namesilo,,,21/09/2026 00:37
0232c349-5fa7-4305-a75c-11c0a8f32470,bleed.kitchen,available,10.99,64.99,medium,low,5,namesilo,,,28/09/2026 14:26
2d63fce2-bb7b-423f-bc26-85d8f9477259,attester.kitchen,available,10.99,64.99,medium,low,8,namesilo,,,21/09/2026 01:41
52a6f0dc-ab28-4a1b-89be-28e738a88be1,anura.kitchen,available,10.99,64.99,medium,low,5,namesilo,,,19/09/2026 15:53
ca298ed8-c9c7-4fc1-831a-e51705ef22e8,matte.kitchen,available,10.99,64.99,high,low,5,namesilo,,,25/09/2026 17:39
2c77d612-f96c-4b31-9c2d-7396e23b29ae,becky.kitchen,available,7.96,51.95,high,low,5,spaceship,,,28/09/2026 00:14
ed6a4c6b-2507-4edd-b2c2-39375870b521,pretzel.kitchen,available,10.99,64.99,high,low,7,namesilo,,,30/09/2026 07:15
69090131-ccaa-40f9-80f1-05cff764fb13,changeling.kitchen,available,8.98,83.98,medium,low,10,namecheap,,,21/08/2026 20:30
7540ab64-21ec-47e7-9bf9-1857392f41d5,entities.kitchen,available,10.99,64.99,medium,low,8,namesilo,,,01/10/2026 14:36
1e6fcdd0-ac89-47d6-89dd-fa18948a57e5,wannabee.kitchen,available,8.98,83.98,medium,low,8,namecheap,,,07/08/2026 05:22
ba758f1d-2604-407a-8322-12220b045895,alkyd.kitchen,available,10.99,64.99,medium,low,5,namesilo,,,18/09/2026 08:33
94463646-6676-4e23-93fb-752bda3edd2b,attacking.kitchen,available,10.99,64.99,medium,low,9,namesilo,,,27/09/2026 23:17
aee7a229-d0d5-4910-b659-1f38aa61c25b,decades.kitchen,available,50.2,50.2,low,low,7,cloudflare,,,28/09/2026 13:15
743b9bf1-5b52-4061-9174-25619312bd78,desktops.kitchen,available,8.98,83.98,medium,low,8,namecheap,,,20/09/2026 12:27
2724d99c-1da0-4fa8-8343-c1d1f64aa775,expertise.kitchen,available,50.2,50.2,high,low,9,cloudflare,,,29/09/2026 18:40
11056777-235e-426d-95dd-450dd196cd79,strikingly.kitchen,available,10.99,64.99,high,low,10,namesilo,,,16/09/2026 07:22
ecf5ef23-2fc3-4111-8bd0-0a7683ccbb09,dangers.kitchen,available,10.99,64.99,medium,low,7,namesilo,,,18/09/2026 04:42
16410b99-8020-47c8-b5e1-2552cb10c8b2,uriah.kitchen,available,7.96,51.95,medium,low,5,spaceship,,,01/10/2026 22:02
7efd4315-5219-4146-847e-5b72e374c1a2,leopard.kitchen,available,50.2,50.2,high,low,7,cloudflare,,,28/09/2026 06:09
94e8656d-767d-4085-8575-a58e24f926ea,hewlett.kitchen,available,7.96,51.95,medium,low,7,spaceship,,,28/09/2026 23:16
1ff6aac9-5d60-4ecf-842d-9839ef13bf54,aspirant.kitchen,available,8.98,83.98,medium,low,8,namecheap,,,07/08/2026 05:02
65537c16-1995-42c8-88f4-d8d2262b3b75,fifties.kitchen,available,10.99,64.99,high,low,7,namesilo,,,16/09/2026 12:10
df2d8b75-0524-475a-b9e2-60a1edb3930d,exceed.kitchen,available,8.98,83.98,high,low,6,namecheap,,,11/09/2026 17:21
00c65eef-49f1-48cd-b2e7-043bde8911ad,wakeful.kitchen,available,8.98,83.98,medium,low,7,namecheap,,,04/09/2026 16:03
e2080e0b-db7c-4cd0-bd07-38f372408399,discontent.kitchen,available,8.98,83.98,medium,low,10,namecheap,,,14/08/2026 09:59
d8ce58c6-0c15-4b42-a6ed-29c61c286b52,grants.kitchen,available,10.5,,high,low,6,unstoppable,,,29/09/2026 09:56
f316ecac-42d2-45f7-98a7-df457f556bad,silvervine.kitchen,available,10.99,64.99,medium,low,10,namesilo,,,17/09/2026 04:49
013e7569-6578-4654-9051-8ca3592727f4,hussey.kitchen,available,50.2,50.2,high,low,6,cloudflare,,,29/09/2026 15:04
6b704bae-2fca-4367-bfb2-06b2a58859fe,domination.kitchen,available,10.99,64.99,high,low,10,namesilo,,,24/09/2026 23:26
c26e7acb-4f28-4d9f-840a-ded425b00de1,rome.kitchen,available,10.99,64.99,high,low,4,namesilo,,,25/09/2026 03:56
497093bb-e774-4a13-a4fb-eca6b49be5af,caparison.kitchen,available,10.99,64.99,medium,low,9,namesilo,,,22/09/2026 05:11
99ec2deb-c141-4447-9b1c-cc1b2bb483ce,mantled.kitchen,available,8.98,83.98,medium,low,7,namecheap,,,14/08/2026 18:25
d2d03eab-7aff-4537-b177-a1e2002d1d6d,cooperation.kitchen,available,7.96,51.95,high,low,11,spaceship,,,28/09/2026 04:34
87f72212-a1cf-4a17-b0f9-28613430b76a,residency.kitchen,available,8.24,52.01,high,low,9,porkbun,,,29/09/2026 07:59
bdd336ca-c463-4ab5-8431-5fd9d9b32d1d,carboxyl.kitchen,available,8.98,83.98,high,low,8,namecheap,,,11/08/2026 18:44
ee7d0f10-597f-4825-a6fc-e5be4b47399f,dwell.kitchen,available,8.98,83.98,high,low,5,namecheap,,,24/08/2026 07:49
11779b79-7fac-4e23-a885-e52423565645,natal.kitchen,available,8.98,83.98,medium,low,5,namecheap,,,03/09/2026 13:37
bce260cd-d098-4b0b-925b-ba141ca5e2ea,ramsey.kitchen,available,10.99,64.99,high,low,6,namesilo,,,25/09/2026 15:22
ddeb06bb-5373-45b9-9c0c-e3561f86740c,thiamine.kitchen,available,10.99,64.99,medium,low,8,namesilo,,,19/09/2026 05:38
f19f33d6-89e5-46b2-ae80-d6a9a1bbfd80,object.kitchen,available,10.99,64.99,high,low,6,namesilo,,,19/09/2026 05:21
59dbe0bf-a378-4a1c-ac9b-7b4c77a442fc,racist.kitchen,available,8.98,83.98,medium,low,6,namecheap,,,
351b916e-3bc9-482f-a9c8-87678b6e478c,unstarred.kitchen,available,8.98,83.98,medium,low,9,namecheap,,,12/09/2026 01:15
040963ff-2aaa-4d3b-895a-d3f2b0e22eb1,beam.kitchen,available,7.96,51.95,high,medium,4,spaceship,,,29/09/2026 00:40
a92a958e-14ae-43e6-8f85-db3f7dde7342,turncoat.kitchen,available,8.98,83.98,medium,low,8,namecheap,,,06/08/2026 03:49
31fbe069-bee6-40a7-ba76-e1d451702dc0,bitis.kitchen,available,10.99,64.99,medium,low,5,namesilo,,,23/09/2026 22:37
31305094-d5fe-4ee0-af4f-98a952b6af6b,bodyguard.kitchen,available,10.99,64.99,high,low,9,namesilo,,,24/09/2026 06:33
b2b2aed0-c3d5-4e2c-b47d-474fc69f65d6,disturb.kitchen,available,7.96,51.95,high,low,7,spaceship,,,30/09/2026 14:01
525b30c1-0b27-4023-9508-a202e7af67f4,donate.kitchen,available,7.96,51.95,high,low,6,spaceship,,,28/09/2026 20:51
a0d64b2b-8f5c-45d2-8f76-00faff45d692,hierarchy.kitchen,available,10.99,64.99,high,low,9,namesilo,,,30/09/2026 10:07
de9571a0-c684-454b-861c-c4aabcf2240f,ruhr.kitchen,available,10.99,64.99,medium,low,4,namesilo,,,29/09/2026 02:04
46100ce3-de5e-4e0d-9f22-0bd41979a2f7,eda.kitchen,available,10.99,64.99,high,low,3,namesilo,,,30/09/2026 05:14
7cc3cbdb-8af6-4c6e-be3f-bad236df82e6,americium.kitchen,available,10.99,64.99,medium,low,9,namesilo,,,18/09/2026 15:35
a60aac91-abf4-433c-884c-d763877a7399,healed.kitchen,available,8.98,83.98,high,low,6,namecheap,,,13/08/2026 11:04
69d2b077-faa1-4979-9e0f-64641f249185,dependant.kitchen,available,8.98,83.98,medium,low,9,namecheap,,,14/08/2026 02:08
9e7842bd-8c25-47e7-9f40-b834bfc994fd,falklands.kitchen,available,7.96,51.95,medium,low,9,spaceship,,,30/09/2026 14:15
23916461-56e4-40bf-aeec-fba878b5ab3b,downstage.kitchen,available,8.98,83.98,high,low,9,namecheap,,,14/08/2026 17:53
751b038f-4c4e-4942-9ee4-30f0e29f9e91,ketonemia.kitchen,available,10.99,64.99,medium,low,9,namesilo,,,17/09/2026 00:10
6cf24b84-39d7-4a5e-b0fe-245a424c0cd1,biotype.kitchen,available,8.98,83.98,medium,low,7,namecheap,,,23/09/2026 19:14
96243435-83d2-4670-a12b-7d537957918f,camden.kitchen,available,7.96,51.95,high,low,6,spaceship,,,30/09/2026 16:35
704b4b59-d41a-4527-933b-e9cd7288cc36,mata.kitchen,available,10.5,,medium,low,4,unstoppable,,,28/09/2026 21:09
11d1fe97-eb06-4343-8087-41a2533034c9,offering.kitchen,available,8.98,83.98,high,low,8,namecheap,,,25/09/2026 09:37
f690051c-00f6-41de-ab31-e6220739d7d0,matai.kitchen,available,10.99,64.99,medium,low,5,namesilo,,,24/09/2026 01:23
bcdfc637-d4d2-4f93-81b7-bb3609b93406,conditioned.kitchen,available,7.96,51.95,medium,low,11,spaceship,,,29/09/2026 22:53
4426fed1-fbf8-4256-bc0a-cb43e2007d96,peoria.kitchen,available,10.99,64.99,high,low,6,namesilo,,,27/09/2026 04:58
9bca0320-00aa-4766-aa2d-0ba1ae8c4e22,parkinson.kitchen,available,10.5,,medium,low,9,unstoppable,,,02/10/2026 04:12
ea48f49f-2a2f-4c79-bc93-e20c25aac3d9,mckinney.kitchen,available,8.24,52.01,high,low,8,porkbun,,,28/09/2026 04:20
2136da8d-b7bf-4857-bba0-001d31aa2309,dozens.kitchen,available,8.98,83.98,high,low,6,namecheap,,,14/09/2026 23:20
7afb62a1-beea-425a-8f63-f042f089dae3,aboard.kitchen,available,50.2,50.2,high,low,6,cloudflare,,,28/09/2026 11:33
7f0855da-1b83-4d72-a82f-f0b5d77f17ec,motorsports.kitchen,available,10.99,64.99,high,low,11,namesilo,,,17/09/2026 11:52
837a2cf3-4d3e-4d75-922d-50bb60c3ff81,boffo.kitchen,available,8.98,83.98,high,low,5,namecheap,,,10/08/2026 16:57
d5f59922-e8eb-4d41-a0ad-a73e438799b9,correlate.kitchen,available,8.98,83.98,high,low,9,namecheap,,,23/09/2026 23:49
3b1fb585-b0e3-487f-8a87-fed9a655721b,magician.kitchen,available,10.99,64.99,high,low,8,namesilo,,,24/09/2026 17:20
60d760c5-3148-492e-bd8a-9453781c9ed2,chest.kitchen,available,8.98,83.98,high,low,5,namecheap,,,24/09/2026 10:14
7c474aca-b83c-4ad9-8863-146c5ab10d6d,warnings.kitchen,available,10.99,64.99,low,low,8,namesilo,,,29/09/2026 17:44
dffb8bb4-2dbe-43c0-b67f-0c6f752773b3,tyrolean.kitchen,available,8.98,83.98,medium,low,8,namecheap,,,11/09/2026 22:33
7921aecc-e50d-40ee-9e38-9d5f9dc73f64,pei.kitchen,available,7.96,51.95,medium,low,3,spaceship,,,28/09/2026 14:30
1be431b0-9e00-401c-a175-423c5b8ba59b,lowland.kitchen,available,8.98,83.98,high,low,7,namecheap,,,24/08/2026 10:48
e6297f20-2e0e-4ab7-8d35-f800c4f05d0f,revolver.kitchen,available,50.2,50.2,high,low,8,cloudflare,,,28/09/2026 20:20
17d3b1a1-9d7b-47ad-be67-6f16087ece24,carter.kitchen,available,10.99,64.99,high,low,6,namesilo,,,29/09/2026 06:16
c17ee42c-6e66-4273-85d5-1361f4186080,scythian.kitchen,available,8.98,83.98,medium,low,8,namecheap,,,10/09/2026 00:28
40d22151-9198-46bf-ac92-7cd0ed0f1c0c,gain.kitchen,available,10.99,64.99,high,low,4,namesilo,,,23/09/2026 07:57
e6943027-3f08-4f44-9703-b04c5a5f1d9b,usefully.kitchen,available,10.99,64.99,medium,low,8,namesilo,,,16/09/2026 10:28
e2a65d99-ea4a-414a-b363-a3ee4fe5c8a5,qtips.kitchen,available,10.99,64.99,medium,low,6,namesilo,,,17/09/2026 10:12
1e101880-aec4-4358-9eae-47737ae22126,promotion.kitchen,available,7.96,51.95,high,low,9,spaceship,,,28/09/2026 18:56
52b5f6ce-5e2f-4430-ab30-5f44e068dfdb,analyze.kitchen,available,10.5,,high,low,7,unstoppable,,,30/09/2026 12:13
304d41d3-9905-44ac-b7d4-2efd2a0eacf4,bangla.kitchen,available,10.99,64.99,high,low,6,namesilo,,,22/09/2026 01:51
efd96403-bed6-42c2-8e35-f1d8964c89bb,frontier.kitchen,available,10.99,64.99,high,medium,8,namesilo,,,28/09/2026 09:50
1b93fb1c-b339-4ff3-8020-f69623a4a44f,alcedo.kitchen,available,10.99,64.99,high,low,6,namesilo,,,18/09/2026 03:52
348fc33f-895b-4bf1-87c0-90837f4569f5,anonym.kitchen,available,10.99,64.99,medium,low,6,namesilo,,,19/09/2026 11:37
c2780432-c760-46db-8eca-71dd16b0e4b5,congenial.kitchen,available,8.98,83.98,high,low,9,namecheap,,,12/08/2026 21:38
0b3920bc-4382-4b4a-87cb-64927898c23a,calmness.kitchen,available,8.98,83.98,high,low,8,namecheap,,,11/08/2026 14:56
2b7aceaf-0354-48fb-a23d-c6fb654ee495,postal.kitchen,available,8.98,83.98,high,low,6,namecheap,,,09/09/2026 00:18
20fb0df8-4ae4-4912-a761-c07fa718e130,huddle.kitchen,available,7.96,51.95,high,low,6,spaceship,,,02/10/2026 05:22
e4767361-99f0-4530-bfeb-321265a9f2bc,tical.kitchen,available,8.98,83.98,medium,low,5,namecheap,,,21/09/2026 18:48
2dd111ed-163b-4617-a655-ab5a0d2fa46e,welles.kitchen,available,10.99,64.99,high,low,6,namesilo,,,27/09/2026 04:13
70408db4-97b5-40b1-a181-83cb9b7e463f,anemometer.kitchen,available,10.99,64.99,medium,low,10,namesilo,,,19/09/2026 05:15
2aa141f1-eaa6-41f1-ace7-ca48a91fbbe4,butterfly.kitchen,available,8.24,53.72,high,low,9,dynadot,,,29/09/2026 05:34
7f60edab-a531-40cc-b3da-f67a9d097d86,enteral.kitchen,available,8.98,83.98,medium,low,7,namecheap,,,17/08/2026 09:55
86560874-d8c6-46f9-8cfd-a61e5d44c990,calling.kitchen,available,10.99,64.99,high,low,7,namesilo,,,24/09/2026 11:48
883ebc6b-1230-4600-86ab-ce19c62673a2,equivalent.kitchen,available,10.99,64.99,high,low,10,namesilo,,,24/09/2026 14:50
1a4e31a3-2551-495d-b6ce-4c0704f69879,barbate.kitchen,available,8.98,83.98,medium,low,7,namecheap,,,08/08/2026 16:10
d7b538c9-585c-4dd6-9880-238f8e606245,abeyant.kitchen,available,8.98,83.98,medium,low,7,namecheap,,,
31845c38-27a2-4565-8da1-b69e61859d81,seeks.kitchen,available,10.99,64.99,medium,low,5,namesilo,,,28/09/2026 23:37
f7d9b69c-5694-43ad-a308-5fd4fc13c078,jas.kitchen,available,7.96,51.95,high,low,3,spaceship,,,30/09/2026 04:39
8f47737b-c0c6-4885-afc1-5b9f574f7926,pleasures.kitchen,available,8.98,83.98,medium,low,9,namecheap,,,29/09/2026 16:55
9d1d1fe5-7fbd-4671-ab6c-fd44713b1a45,besieged.kitchen,available,8.98,83.98,low,low,8,namecheap,,,09/08/2026 15:25
de0f4d1f-d509-4d2f-8a3b-50984e318997,rodney.kitchen,available,10.99,64.99,high,low,6,namesilo,,,28/09/2026 03:52
0b87606c-9987-477d-9c37-ab13b99bd802,blanks.kitchen,available,7.96,51.95,medium,low,6,spaceship,,,01/10/2026 00:46
301a580a-b850-4189-ab7f-ed68f98ceae7,imposter.kitchen,available,8.98,83.98,medium,low,8,namecheap,,,09/09/2026 04:57
7d611d40-9279-408e-b18a-6665d869739f,completely.kitchen,available,10.99,64.99,high,low,10,namesilo,,,22/09/2026 00:16
36c1caa9-e5de-43aa-8e5a-64f827153033,regarding.kitchen,available,10.99,64.99,high,low,9,namesilo,,,27/09/2026 06:20
d5854a7a-f958-44b8-b31f-ed7aae45ccbe,bizarre.kitchen,available,8.98,83.98,high,low,7,namecheap,,,22/09/2026 21:11
d00a5069-20c6-4e2b-bbb9-7bf9317a4ab4,run.kitchen,available,10.99,64.99,high,medium,3,namesilo,,,19/09/2026 07:07
ec5824f6-ac00-43e6-8d50-0ee21394d80f,poulet.kitchen,available,8.98,83.98,high,low,6,namecheap,,,12/08/2026 04:55
9d9c179c-0d09-41ab-98ea-f27cc5764eec,paraplegic.kitchen,available,8.98,83.98,medium,low,10,namecheap,,,08/09/2026 01:10
86519338-6730-442c-92b5-d948f16499ca,prostrate.kitchen,available,8.98,83.98,high,low,9,namecheap,,,09/09/2026 03:57
1a164746-d745-45a9-a042-171b42252714,garbage.kitchen,available,10.99,64.99,high,low,7,namesilo,,,25/09/2026 00:12
63c1f892-89d2-4d00-8a24-3cd08a7d2f2a,filmed.kitchen,available,8.98,83.98,high,low,6,namecheap,,,18/08/2026 04:25
ccad7e1f-3959-4418-b336-3a6088d146b8,stood.kitchen,available,14.99,,medium,low,5,name.com,,,
c49bd377-80cf-448e-80c0-8eac2ba497b5,url.kitchen,available,10.5,,high,medium,3,unstoppable,,,28/09/2026 11:02
73810d3c-e30a-4259-aef2-ef5dbd1c7223,makeovers.kitchen,available,10.99,64.99,medium,low,9,namesilo,,,21/09/2026 08:55
562004a2-8fd1-4a19-99f8-3ee1f4e26b6a,normandy.kitchen,available,7.96,51.95,medium,low,8,spaceship,,,30/09/2026 05:51
9f1374d8-e106-48be-bf10-2654e193494b,collectives.kitchen,available,50.2,50.2,medium,low,11,cloudflare,,,02/10/2026 02:49
1717465c-eb13-4f8d-8677-4cb370f2e008,hamper.kitchen,available,10.99,64.99,high,low,6,namesilo,,,02/10/2026 05:09
0c94e751-285b-4941-8b7d-9b4b66b6f33c,haircut.kitchen,available,10.5,,high,low,7,unstoppable,,,29/09/2026 21:56
49c54d42-9ee3-4edb-9f0f-bc9210c23beb,condense.kitchen,available,10.99,64.99,high,low,8,namesilo,,,30/09/2026 17:42
4bbd8fa2-31b4-4c3c-bef5-2aab0b9ed5ba,borodin.kitchen,available,10.99,64.99,high,low,7,namesilo,,,18/09/2026 05:02
692dce50-75e5-43d6-893b-fac86ee838da,wilhelmina.kitchen,available,10.99,64.99,medium,low,10,namesilo,,,30/09/2026 04:45
ceb2159e-686a-4955-b593-bde8a50cce50,regulated.kitchen,available,8.98,83.98,high,low,9,namecheap,,,09/09/2026 13:06
e6fac2a3-1182-4ca0-9c7d-a97a4d5e43dd,hicks.kitchen,available,10.99,64.99,medium,low,5,namesilo,,,28/09/2026 12:48
ccf22399-6dc5-4c08-bad6-2ad14892a34d,thereafter.kitchen,available,10.99,64.99,high,low,10,namesilo,,,16/09/2026 08:38
0d30eb64-8046-48bc-8771-c95e8f4efaef,svetlana.kitchen,available,7.96,51.95,high,low,8,spaceship,,,02/10/2026 00:36
75fa844f-fafa-492a-9819-880b404b05e9,georg.kitchen,available,8.98,83.98,medium,low,5,namecheap,,,25/09/2026 17:31
9b30c8c9-988f-4ebb-b869-59a27e0b9618,arithmancy.kitchen,available,8.98,83.98,medium,low,10,namecheap,,,20/09/2026 06:00
79046010-67b7-46d3-806d-7536399bf875,prim.kitchen,available,14.99,84.99,high,low,4,name.com,,,13/08/2026 15:46
d9270827-a11a-4a9b-b0b3-2c9237b037b5,uninviting.kitchen,available,8.98,83.98,medium,low,10,namecheap,,,12/09/2026 13:39
f26843a7-a03c-477a-8824-9a59fb4bfcbb,titivate.kitchen,available,8.98,83.98,medium,low,8,namecheap,,,10/09/2026 16:59
70abd720-2ce8-4ccb-b6dc-01a04975cb1b,spotify.kitchen,available,,,high,high,7,,,,
15b7fe6d-a8a8-4fe8-b433-21a8608e5b56,galicia.kitchen,available,50.2,50.2,high,low,7,cloudflare,,,28/09/2026 01:58
9b1a2c37-4e50-4a8c-8c7e-9b6864914949,respectable.kitchen,available,7.96,51.95,high,low,11,spaceship,,,28/09/2026 11:23
11b076ea-3865-4435-84e2-f4f74a86cb32,moods.kitchen,available,10.99,64.99,medium,low,5,namesilo,,,30/09/2026 07:06
29687f64-43a5-4f39-8570-12612fef9b06,blinding.kitchen,available,8.98,83.98,medium,low,8,namecheap,,,10/08/2026 13:42
6a12b64f-f3cb-4641-ba47-fc1c165bfac5,aqueous.kitchen,available,8.98,83.98,medium,low,7,namecheap,,,06/08/2026 10:50
c655606b-b969-4bb5-99c0-1b6fb3f96332,balcony.kitchen,available,8.98,83.98,high,low,7,namecheap,,,21/09/2026 21:28
cd783da1-c264-4026-ac45-95b3547a41a5,womb.kitchen,available,7.96,51.95,high,low,4,spaceship,,,28/09/2026 20:42
6f4a777d-f78e-4b83-9419-d043bd77392c,peanut.kitchen,available,8.98,83.98,high,low,6,namecheap,,,08/09/2026 11:13
df909598-8641-4dd2-b6cd-9077b9362d52,soundtrack.kitchen,available,7.96,51.95,high,low,10,spaceship,,,30/09/2026 18:47
1a246ec1-de70-4709-b045-350ec90c4ee8,mariah.kitchen,available,50.2,50.2,high,low,6,cloudflare,,,30/09/2026 04:14
878afdab-ab47-4464-a662-c15d31bbf01e,anemic.kitchen,available,8.98,83.98,medium,low,6,namecheap,,,
9e21c9dc-af93-423a-a962-feae305e40d6,developed.kitchen,available,10.99,64.99,high,low,9,namesilo,,,24/09/2026 07:51
4cad7cd3-9298-4e3e-9892-38ff2e308f52,landward.kitchen,available,8.98,83.98,high,low,8,namecheap,,,15/09/2026 10:39
67de085e-2dec-423c-a79b-d921584cd0c7,horizons.kitchen,available,7.96,51.95,medium,low,8,spaceship,,,30/09/2026 15:32
7a540135-b2de-4ca0-b29b-764486547058,sonant.kitchen,available,8.98,83.98,medium,low,6,namecheap,,,10/09/2026 14:08
8d8a7b5e-6716-4d40-ae04-a8fc87fdefb5,mitigated.kitchen,available,8.98,83.98,medium,low,9,namecheap,,,25/08/2026 02:06
d3af2e22-dd8d-4e8b-bddb-b5341874361a,stepfather.kitchen,available,7.96,51.95,high,low,10,spaceship,,,30/09/2026 22:37
0c65efc0-e6a5-420a-8b86-b3b1600052e7,below.kitchen,available,10.99,64.99,high,low,5,namesilo,,,24/09/2026 12:01
a1fd5bdb-6f0d-4e1e-a7bf-8bb3c6a9e7ad,terrorism.kitchen,available,10.99,64.99,medium,low,9,namesilo,,,17/09/2026 04:10
77ab7a57-45a5-47c0-9527-5a1a802749f7,luscious.kitchen,available,8.98,83.98,high,low,8,namecheap,,,14/08/2026 00:22
8fe48129-5487-426d-9f77-a2db748d917f,enables.kitchen,available,7.96,51.95,medium,low,7,spaceship,,,01/10/2026 00:35
44f249c4-cf70-4bd1-85e9-e76a1718bf4b,grant.kitchen,available,7.96,51.95,high,low,5,spaceship,,,27/09/2026 12:18
7cf3e0fe-9de9-4517-8bca-2ded5c538708,fortify.kitchen,available,10.99,64.99,high,low,7,namesilo,,,20/09/2026 06:18
4b6ee572-cfa2-4937-9202-1ddcf911b119,alidade.kitchen,available,14.99,84.99,medium,low,7,name.com,,,18/09/2026 07:31
5da87740-a05b-4aa1-91a5-8a724326764a,stat.kitchen,available,10.99,64.99,high,low,4,namesilo,,,01/10/2026 11:22
1c3bd45d-b08b-4fb1-9c95-637a9fffa13a,posterior.kitchen,available,8.98,83.98,medium,low,9,namecheap,,,09/08/2026 11:12
9d30d332-3b50-4cab-9858-e4f63d1e1973,hayseed.kitchen,available,8.98,83.98,medium,low,7,namecheap,,,21/08/2026 08:05
026bed83-a349-418c-9ac4-5d8df580c2df,hardened.kitchen,available,8.98,83.98,high,low,8,namecheap,,,11/08/2026 20:01
2ff4f082-34d3-4d06-b121-135327f03e3b,adkins.kitchen,available,50.2,50.2,medium,low,6,cloudflare,,,29/09/2026 23:23
4a2c6766-ae7d-4a5a-a776-ecd825293938,peaceable.kitchen,available,8.98,83.98,high,low,9,namecheap,,,08/09/2026 11:08
069c33fc-b71a-4fbf-a6d3-f47d11cbbddd,sensually.kitchen,available,8.98,83.98,medium,low,9,namecheap,,,16/09/2026 00:58
d718814f-e1ab-4559-a774-3a81ba68c7db,teal.kitchen,available,10.99,64.99,high,low,4,namesilo,,,22/09/2026 23:03
c1152fad-f474-4139-b9d9-a8a34e340ca0,manhood.kitchen,available,7.96,51.95,high,low,7,spaceship,,,29/09/2026 19:12
485db272-4ea4-4b11-a1cd-d5ea2444a72c,ancylus.kitchen,available,10.99,64.99,medium,low,7,namesilo,,,19/09/2026 03:54
670d314a-061c-4765-8e9f-54d0b6a574d8,preserved.kitchen,available,10.99,64.99,high,low,9,namesilo,,,27/09/2026 05:50
26824650-48d7-4ef7-b148-b93eb7273767,chloride.kitchen,available,7.96,51.95,high,low,8,spaceship,,,30/09/2026 09:09
a2be3b35-4f79-4dd8-86d4-3c9a0039858a,antiphon.kitchen,available,14.99,84.99,medium,low,8,name.com,,,19/09/2026 14:56
427e04ae-cc58-49a0-ae8a-f830af9d91d6,sextuple.kitchen,available,8.98,83.98,medium,low,8,namecheap,,,10/09/2026 05:19
818c65ab-8cbc-4986-bcb2-d11220ec904c,nepalese.kitchen,available,8.98,83.98,medium,low,8,namecheap,,,03/09/2026 15:35